image_id,arquivo_original,caminho_drive,fornecedor,fornecedor_slug,sku,sku_slug,codigo,seq,md5,s3_key,s3_url,etag,status,versao,enviado_em
1Oc5hMTFt5RZlLlBtQZWQiR037SmCVIma,CANDLE HOLDER1 - JAL.jpg,IN&OUT/*COMPLEMENTOS/CANDLE HOLDER1 - JAL.jpg,Sollos,sollos,CANDLE HOLDER FOGO,candle-holder-fogo,JAL,1,39d93757a0a062c3e6790aac364ab103,sollos/candle-holder-fogo/1.jpg,https://galpao-design-imagens.s3.us-east-1.amazonaws.com/sollos/candle-holder-fogo/1.jpg,,previsto,LATEST,
1aUGU_mRU8YuZQGC-PjcJ_HKwxRjqi6JL,CANDLE HOLDER2 - JAL.jpg,IN&OUT/*COMPLEMENTOS/CANDLE HOLDER2 - JAL.jpg,Sollos,sollos,CANDLE HOLDER FOGO,candle-holder-fogo,JAL,2,a560bbd2ed54bea8a3129fa8b93b2211,sollos/candle-holder-fogo/2.jpg,https://galpao-design-imagens.s3.us-east-1.amazonaws.com/sollos/candle-holder-fogo/2.jpg,,previsto,LATEST,
1dXbcR8AsZtrZiklKadLOBp8f70Y9F8yz,CONTORNO1 - DFL.jpg,IN&OUT/*SOFÁS/CONTORNO1 - DFL.jpg,Dona Flor,dona-flor,CONTORNO,contorno,DFL,1,31f260054a8e142fedaf0d8b5b3d771e,dona-flor/contorno/1.jpg,https://galpao-design-imagens.s3.us-east-1.amazonaws.com/dona-flor/contorno/1.jpg,,previsto,LATEST,
1cFWYsbANyTqZTfh27qW4TVxQMg6JECbg,CONTORNO1 - DFL.webp,IN&OUT/*CARRINHOS DE BAR/CHÁ/CONTORNO1 - DFL.webp,Dona Flor,dona-flor,CONTORNO,contorno,DFL,2,1f6288896012d72a55d09c85940ba09f,dona-flor/contorno/2.webp,https://galpao-design-imagens.s3.us-east-1.amazonaws.com/dona-flor/contorno/2.webp,,previsto,LATEST,
1QbjYfSWERCmcD0Abdua175OxQPO_g5bZ,CONTORNO2 - DFL.jpeg,IN&OUT/*CARRINHOS DE BAR/CHÁ/CONTORNO2 - DFL.jpeg,Dona Flor,dona-flor,CONTORNO,contorno,DFL,3,587aed78478de963ce6fe7d93ea4269a,dona-flor/contorno/3.jpg,https://galpao-design-imagens.s3.us-east-1.amazonaws.com/dona-flor/contorno/3.jpg,,previsto,LATEST,
11heXCemLCvQBzhFyEXC50uZxiEarnLBz,CONTORNO2 - DFL.jpg,IN&OUT/*SOFÁS/CONTORNO2 - DFL.jpg,Dona Flor,dona-flor,CONTORNO,contorno,DFL,4,1eb0dfff5cb12b557d4e914956830043,dona-flor/contorno/4.jpg,https://galpao-design-imagens.s3.us-east-1.amazonaws.com/dona-flor/contorno/4.jpg,,previsto,LATEST,
180xSS8d6ZuO-gYINaV7G2TljbRsuqYgJ,CONTORNO2 - DFL.webp,IN&OUT/*MESAS DE APOIO/CONTORNO2 - DFL.webp,Dona Flor,dona-flor,CONTORNO,contorno,DFL,5,020b3c16e95a7b6bb2b1cb80810ffba0,dona-flor/contorno/5.webp,https://galpao-design-imagens.s3.us-east-1.amazonaws.com/dona-flor/contorno/5.webp,,previsto,LATEST,
13grg-AuSTo7Xm-jR9nOm7tp1pqA6q13O,COLIBRI1 - DFL.webp,IN&OUT/*CARRINHOS DE BAR/CHÁ/COLIBRI1 - DFL.webp,Dona Flor,dona-flor,COLIBRI,colibri,DFL,1,f291a4646d8f3fdcce005ea94448d5dc,dona-flor/colibri/1.webp,https://galpao-design-imagens.s3.us-east-1.amazonaws.com/dona-flor/colibri/1.webp,,previsto,LATEST,
1iL-F6C_xf_AFDNQOOKumqm-xjUbkPcGw,COLIBRI2 - DFL.jpg,IN&OUT/*CARRINHOS DE BAR/CHÁ/COLIBRI2 - DFL.jpg,Dona Flor,dona-flor,COLIBRI,colibri,DFL,2,8a46b4a53eb954900fa76b6782d4b5d7,dona-flor/colibri/2.jpg,https://galpao-design-imagens.s3.us-east-1.amazonaws.com/dona-flor/colibri/2.jpg,,previsto,LATEST,
1ammEsEK-IkGTBUMsYCaDmjyqgZk0YPD1,TECA1 - JAL.jpg,LIVING/BUFFETS/*BUFFET/TECA1 - JAL.jpg,Sollos,sollos,CARRINHO BAR TECA,carrinho-bar-teca,JAL,1,4f9f3a108604c1417dbdc5900c999239,sollos/carrinho-bar-teca/1.jpg,https://galpao-design-imagens.s3.us-east-1.amazonaws.com/sollos/carrinho-bar-teca/1.jpg,,previsto,LATEST,
1Ah-xKRXeUWvbbGI-FBtHMUgv7RwGqofz,TECA2 - JAL.jpg,LIVING/MESAS DE CENTRO - GD/*MESAS DE CENTRO/TECA2 - JAL.jpg,Sollos,sollos,CARRINHO BAR TECA,carrinho-bar-teca,JAL,2,20a31227d44b0fe3bee539714e674b35,sollos/carrinho-bar-teca/2.jpg,https://galpao-design-imagens.s3.us-east-1.amazonaws.com/sollos/carrinho-bar-teca/2.jpg,,previsto,LATEST,
1h44PBQqtA749ovURYVIC5b0mUCD90tIK,TECA3 - JAL.jpeg,LIVING/CARRO BAR/CHÁ E BARES/TECA3 - JAL.jpeg,Sollos,sollos,CARRINHO BAR TECA,carrinho-bar-teca,JAL,3,3347816f841f76f0a5c876836cb2abd7,sollos/carrinho-bar-teca/3.jpg,https://galpao-design-imagens.s3.us-east-1.amazonaws.com/sollos/carrinho-bar-teca/3.jpg,,previsto,LATEST,
1zxaqV6l5NnF-4_P3H8Dg3msOaNOsqWfv,TECA3 - JAL.jpg,LIVING/BUFFETS/*BUFFET/TECA3 - JAL.jpg,Sollos,sollos,CARRINHO BAR TECA,carrinho-bar-teca,JAL,4,a8b4797cdcd32dc32c1339a0843fafdf,sollos/carrinho-bar-teca/4.jpg,https://galpao-design-imagens.s3.us-east-1.amazonaws.com/sollos/carrinho-bar-teca/4.jpg,,previsto,LATEST,
117kD4roRV9hDCEHaCVn6sTi0nlxUsWyx,GARDEN1 - JAL.jpg,IN&OUT/*BANCOS/GARDEN1 - JAL.jpg,Sollos,sollos,MESA CENTRO LILAH/GARDEN RETANGULAR,mesa-centro-lilah-garden-retangular,JAL,1,6b00396b5f3ac07d058bf54b6be1530d,sollos/mesa-centro-lilah-garden-retangular/1.jpg,https://galpao-design-imagens.s3.us-east-1.amazonaws.com/sollos/mesa-centro-lilah-garden-retangular/1.jpg,,previsto,LATEST,
1dbJUDZKThsbn9eRLgQigAB7aGErpjIZX,LILAH GARDEN1 - JAL.jpg,IN&OUT/*MESAS DE CENTRO/LILAH GARDEN1 - JAL.jpg,Sollos,sollos,MESA CENTRO LILAH/GARDEN RETANGULAR,mesa-centro-lilah-garden-retangular,JAL,2,321e24308dadf88d7a8a58e9c267512f,sollos/mesa-centro-lilah-garden-retangular/2.jpg,https://galpao-design-imagens.s3.us-east-1.amazonaws.com/sollos/mesa-centro-lilah-garden-retangular/2.jpg,,previsto,LATEST,
1SYwhcs4YDQ7Hxidu2lqi5FQZwHo_KQ6x,GARDEN2 - JAL.jpg,IN&OUT/*CHAISES/GARDEN2 - JAL.jpg,Sollos,sollos,MESA CENTRO LILAH/GARDEN RETANGULAR,mesa-centro-lilah-garden-retangular,JAL,3,21d72ab3da5b4511435a3fd9a51a9065,sollos/mesa-centro-lilah-garden-retangular/3.jpg,https://galpao-design-imagens.s3.us-east-1.amazonaws.com/sollos/mesa-centro-lilah-garden-retangular/3.jpg,,previsto,LATEST,
1UwxiVp2OCEHK_xUtSelyjfLfmPfehJQZ,LILAH GARDEN2 - JAL.jpg,IN&OUT/*MESAS DE CENTRO/LILAH GARDEN2 - JAL.jpg,Sollos,sollos,MESA CENTRO LILAH/GARDEN RETANGULAR,mesa-centro-lilah-garden-retangular,JAL,4,4dfd3080f071b82f543a4bae84a82bf7,sollos/mesa-centro-lilah-garden-retangular/4.jpg,https://galpao-design-imagens.s3.us-east-1.amazonaws.com/sollos/mesa-centro-lilah-garden-retangular/4.jpg,,previsto,LATEST,
1adbxGUILw3QhJI6cCQri00kSeSzQqri7,DOTY1 - JAL.jpg,IN&OUT/*POLTRONAS/DOTY1 - JAL.jpg,Sollos,sollos,BANQUETA DOTY MODELO 02,banqueta-doty-modelo-02,JAL,1,06c15a739e0de0edc479365be7986aa7,sollos/banqueta-doty-modelo-02/1.jpg,https://galpao-design-imagens.s3.us-east-1.amazonaws.com/sollos/banqueta-doty-modelo-02/1.jpg,,previsto,LATEST,
1j9ekidLBkasbUoVgSSyNnCs-nzIFDyWu,DOTY2 - JAL.jpeg,IN&OUT/*MESAS DE JANTAR/DOTY2 - JAL.jpeg,Sollos,sollos,BANQUETA DOTY MODELO 02,banqueta-doty-modelo-02,JAL,2,152322f20cc57fa97bda43bb9258a477,sollos/banqueta-doty-modelo-02/2.jpg,https://galpao-design-imagens.s3.us-east-1.amazonaws.com/sollos/banqueta-doty-modelo-02/2.jpg,,previsto,LATEST,
1iB5FBDQ-bwu8Fs7fHHB4Js_9pNdjeivN,DOTY2 - JAL.jpg,IN&OUT/*NAMORADEIRAS/DOTY2 - JAL.jpg,Sollos,sollos,BANQUETA DOTY MODELO 02,banqueta-doty-modelo-02,JAL,3,2a13e4c679935086478eb3e54c06181d,sollos/banqueta-doty-modelo-02/3.jpg,https://galpao-design-imagens.s3.us-east-1.amazonaws.com/sollos/banqueta-doty-modelo-02/3.jpg,,previsto,LATEST,
1uwofc9wdsSBZOfPwHQ7Gu6fRu5Fnl_FY,DOTY3 - JAL.jpg,IN&OUT/*CADEIRAS/DOTY3 - JAL.jpg,Sollos,sollos,BANQUETA DOTY MODELO 02,banqueta-doty-modelo-02,JAL,4,fd0b4777684cd574da9815165d5153bc,sollos/banqueta-doty-modelo-02/4.jpg,https://galpao-design-imagens.s3.us-east-1.amazonaws.com/sollos/banqueta-doty-modelo-02/4.jpg,,previsto,LATEST,
1Ab1ln-dSEtJMXb_7Bna15Y4G6DK2a1WB,DOTY4 - JAL.jpg,IN&OUT/*CADEIRAS/DOTY4 - JAL.jpg,Sollos,sollos,BANQUETA DOTY MODELO 02,banqueta-doty-modelo-02,JAL,5,ace127837ce125c0ed806b76f2c56926,sollos/banqueta-doty-modelo-02/5.jpg,https://galpao-design-imagens.s3.us-east-1.amazonaws.com/sollos/banqueta-doty-modelo-02/5.jpg,,previsto,LATEST,
19tDQJ9PsOnHHNnob07oBdYNq_4_NBro4,WIRED1 - JAL.jpg,IN&OUT/*BANCOS/WIRED1 - JAL.jpg,Sollos,sollos,BANCO WIRED OUTDOOR,banco-wired-outdoor,JAL,1,a43f4930db83e4b0538c85a25b23fc1c,sollos/banco-wired-outdoor/1.jpg,https://galpao-design-imagens.s3.us-east-1.amazonaws.com/sollos/banco-wired-outdoor/1.jpg,,previsto,LATEST,
1nuY3A1lhO-f-Lzv_xhRtYtcZxriXyoyD,WIRED2 - JAL.jpg,IN&OUT/*BANCOS/WIRED2 - JAL.jpg,Sollos,sollos,BANCO WIRED OUTDOOR,banco-wired-outdoor,JAL,2,152ae520a54431778111cc2caf8c682d,sollos/banco-wired-outdoor/2.jpg,https://galpao-design-imagens.s3.us-east-1.amazonaws.com/sollos/banco-wired-outdoor/2.jpg,,previsto,LATEST,
1pp2FkNU0df1szV2PWUW291ufroBDrHXA,CUBO1 - JAL.jpg,LIVING/POLTRONAS - GD/*POLTRONAS/CUBO1 - JAL.jpg,Sollos,sollos,BANQUETA CUBO ALTA,banqueta-cubo-alta,JAL,1,a08d103d5893fafdff9421c900e5ff6b,sollos/banqueta-cubo-alta/1.jpg,https://galpao-design-imagens.s3.us-east-1.amazonaws.com/sollos/banqueta-cubo-alta/1.jpg,,previsto,LATEST,
1q4b7NvH7wDIRDYy5PAjHc6R6Kf-AtA44,CUBO2 - JAL.jpeg,LIVING/CADEIRAS - GD/*CADEIRAS/CUBO2 - JAL.jpeg,Sollos,sollos,BANQUETA CUBO ALTA,banqueta-cubo-alta,JAL,2,f13fd3db7ef9ddd7dc6288737880997d,sollos/banqueta-cubo-alta/2.jpg,https://galpao-design-imagens.s3.us-east-1.amazonaws.com/sollos/banqueta-cubo-alta/2.jpg,,previsto,LATEST,
11F88wBRR2iOtK7vy6C4IJvyE1xfEA-6U,CUBO2 - JAL.jpg,LIVING/POLTRONAS - GD/*POLTRONAS/CUBO2 - JAL.jpg,Sollos,sollos,BANQUETA CUBO ALTA,banqueta-cubo-alta,JAL,3,aea8fadd06c5ffe511e18ff31f252b5c,sollos/banqueta-cubo-alta/3.jpg,https://galpao-design-imagens.s3.us-east-1.amazonaws.com/sollos/banqueta-cubo-alta/3.jpg,,previsto,LATEST,
1WC05N3ez9Rct4tMlQRM_BTBofl7_Tux7,BASSO1 - JAL.jpg,IN&OUT/*BANCOS/BASSO1 - JAL.jpg,Sollos,sollos,• Banco Basso,banco-basso,JAL,1,aa559aa190a5ae29ceb1d3753c112915,sollos/banco-basso/1.jpg,https://galpao-design-imagens.s3.us-east-1.amazonaws.com/sollos/banco-basso/1.jpg,,previsto,LATEST,
12bZPvDzjVSUeWy_Y5u0rJplWiFEcqMgQ,BASSO2 - JAL.jpg,LIVING/BANCOS E BANQUETAS - GD/*BANCOS/BASSO2 - JAL.jpg,Sollos,sollos,• Banco Basso,banco-basso,JAL,2,b394d8a73d791f77e2508beb9b426735,sollos/banco-basso/2.jpg,https://galpao-design-imagens.s3.us-east-1.amazonaws.com/sollos/banco-basso/2.jpg,,previsto,LATEST,
1Pm4l8aSUyyZs7xJSVL5PdBhr54UGqnTU,BASSO3 - JAL.jpg,LIVING/BANCOS E BANQUETAS - GD/*BANCOS/BASSO3 - JAL.jpg,Sollos,sollos,• Banco Basso,banco-basso,JAL,3,e922a515958f22c6a30c2e29c1484fea,sollos/banco-basso/3.jpg,https://galpao-design-imagens.s3.us-east-1.amazonaws.com/sollos/banco-basso/3.jpg,,previsto,LATEST,
1KsXxYAt8IyxmWaCK1RGvr3UUVl-qQgld,BASSO4 - JAL.jpg,LIVING/BANCOS E BANQUETAS - GD/*BANCOS/BASSO4 - JAL.jpg,Sollos,sollos,• Banco Basso,banco-basso,JAL,4,3fe4e5292441e3f20b011a6f32727c6c,sollos/banco-basso/4.jpg,https://galpao-design-imagens.s3.us-east-1.amazonaws.com/sollos/banco-basso/4.jpg,,previsto,LATEST,
1z-Yg8v7P2IasoT83VUBQeIheB-F52Gkn,JULIA1 - JAL.jpg,LIVING/BANCOS E BANQUETAS - GD/*BANCOS/JULIA1 - JAL.jpg,Sollos,sollos,BANCO JULIA,banco-julia,JAL,1,ccf160d292b23c604ca3932d80facc41,sollos/banco-julia/1.jpg,https://galpao-design-imagens.s3.us-east-1.amazonaws.com/sollos/banco-julia/1.jpg,,previsto,LATEST,
175kpDMJ_oC7EXLB3eHY2EIzQSp0bw--t,JULIA2 - JAL.jpeg,IN&OUT/*BANCOS/JULIA2 - JAL.jpeg,Sollos,sollos,BANCO JULIA,banco-julia,JAL,2,d68b9bb8a64ec644e4c3eb379a9cbecf,sollos/banco-julia/2.jpg,https://galpao-design-imagens.s3.us-east-1.amazonaws.com/sollos/banco-julia/2.jpg,,previsto,LATEST,
1KHg27g9bJOFRWLJ-OmPjVVPM3G5mzqjs,JULIA2 - JAL.jpg,LIVING/BANCOS E BANQUETAS - GD/*BANCOS/JULIA2 - JAL.jpg,Sollos,sollos,BANCO JULIA,banco-julia,JAL,3,879dc9c970076e46bcbe53ae5e3fe6f5,sollos/banco-julia/3.jpg,https://galpao-design-imagens.s3.us-east-1.amazonaws.com/sollos/banco-julia/3.jpg,,previsto,LATEST,
1oOqJvpFhPiOtzJDrPdFqQsqwG8ggGIfL,BRIH1 - JAL.jpg,IN&OUT/*BANCOS/BRIH1 - JAL.jpg,Sollos,sollos,SOFÁ BRIH MÓDULO 06 MESA LATERAL,sofa-brih-modulo-06-mesa-lateral,JAL,1,919508b6d4cf632e8aefd640e8e58149,sollos/sofa-brih-modulo-06-mesa-lateral/1.jpg,https://galpao-design-imagens.s3.us-east-1.amazonaws.com/sollos/sofa-brih-modulo-06-mesa-lateral/1.jpg,,previsto,LATEST,
1X8LKHJ73mkmdhy0w4bEr_z2UZuJuSXlV,BRIH2 - JAL.jpg,IN&OUT/*BANCOS/BRIH2 - JAL.jpg,Sollos,sollos,SOFÁ BRIH MÓDULO 06 MESA LATERAL,sofa-brih-modulo-06-mesa-lateral,JAL,2,9916e008da2cfb35ce84c95a7c11dc86,sollos/sofa-brih-modulo-06-mesa-lateral/2.jpg,https://galpao-design-imagens.s3.us-east-1.amazonaws.com/sollos/sofa-brih-modulo-06-mesa-lateral/2.jpg,,previsto,LATEST,
1lo5pJQynLNBgz9vSGYwEEZe0lCsptfJr,BEAM1 - JAL.jpg,IN&OUT/*BANCOS/BEAM1 - JAL.jpg,Sollos,sollos,BANCO BEAM,banco-beam,JAL,1,5d93c9b3ee172920f447ca7290b3976a,sollos/banco-beam/1.jpg,https://galpao-design-imagens.s3.us-east-1.amazonaws.com/sollos/banco-beam/1.jpg,,previsto,LATEST,
1fqFxdgHg7nQu84Zfw5yt-5F0bOFctJjP,BEAM2 - JAL.jpeg,IN&OUT/*BANCOS/BEAM2 - JAL.jpeg,Sollos,sollos,BANCO BEAM,banco-beam,JAL,2,5b915173d7ab1e00a7eaf5f8b8b88e06,sollos/banco-beam/2.jpg,https://galpao-design-imagens.s3.us-east-1.amazonaws.com/sollos/banco-beam/2.jpg,,previsto,LATEST,
1xyqYvnNn0Tse8dwzoGqaplfy3pNCmPFd,MASS1 - JAL.jpg,IN&OUT/*BANQUETAS/MASS1 - JAL.jpg,Sollos,sollos,MESA DE APOIO MASS,mesa-de-apoio-mass,JAL,1,f90daf08732d15d1d94b75fba1ccae42,sollos/mesa-de-apoio-mass/1.jpg,https://galpao-design-imagens.s3.us-east-1.amazonaws.com/sollos/mesa-de-apoio-mass/1.jpg,,previsto,LATEST,
1C2G7yBysQaeBI_ZnL47vPxiwDgx9rmxL,MASS2 - JAL.jpg,IN&OUT/*BANQUETAS/MASS2 - JAL.jpg,Sollos,sollos,MESA DE APOIO MASS,mesa-de-apoio-mass,JAL,2,27a3c89a7ea6afb563987e6957662626,sollos/mesa-de-apoio-mass/2.jpg,https://galpao-design-imagens.s3.us-east-1.amazonaws.com/sollos/mesa-de-apoio-mass/2.jpg,,previsto,LATEST,
1gMKeRC2zJjP2WZrOC5GnBU55DXN5ICjN,ANA1 - DFL.webp,IN&OUT/*SOFÁS/ANA1 - DFL.webp,Dona Flor,dona-flor,ANA,ana,DFL,1,b7a9d88a351cdc0ccc22a9b4bb29a90c,dona-flor/ana/1.webp,https://galpao-design-imagens.s3.us-east-1.amazonaws.com/dona-flor/ana/1.webp,,previsto,LATEST,
17p26Xd_yMz4R-Kpr_bfY10r4WIVuEQ0S,ANA2 - DFL.webp,IN&OUT/*MESAS DE CENTRO/ANA2 - DFL.webp,Dona Flor,dona-flor,ANA,ana,DFL,2,6e814cd7bd924edba311ee3cd3a8e8a8,dona-flor/ana/2.webp,https://galpao-design-imagens.s3.us-east-1.amazonaws.com/dona-flor/ana/2.webp,,previsto,LATEST,
1nGAue20mE6veskyAUUmizUSKhtrXQ1lx,ONE1 - JAL.jpg,IN&OUT/*MESAS DE APOIO/ONE1 - JAL.jpg,Sollos,sollos,CABIDEIRO ONE,cabideiro-one,JAL,1,cf4c55f6dfe16670e32aa97c8136cb08,sollos/cabideiro-one/1.jpg,https://galpao-design-imagens.s3.us-east-1.amazonaws.com/sollos/cabideiro-one/1.jpg,,previsto,LATEST,
15Q3LgN_x3O-tTw-lJQNgJkx1A3cDtxc2,ONE2 - JAL.jpg,IN&OUT/*MESAS DE APOIO/ONE2 - JAL.jpg,Sollos,sollos,CABIDEIRO ONE,cabideiro-one,JAL,2,c069d34a30c8402ced8bf91e00232f5a,sollos/cabideiro-one/2.jpg,https://galpao-design-imagens.s3.us-east-1.amazonaws.com/sollos/cabideiro-one/2.jpg,,previsto,LATEST,
1gElQYbkjKV0fTKvZH5wZx7hFUUo6f_mw,PIPE1 - JAL.jpg,IN&OUT/*MESAS DE APOIO/PIPE1 - JAL.jpg,Sollos,sollos,MESA DE APOIO PIPE OUTDOOR,mesa-de-apoio-pipe-outdoor,JAL,1,0fe9629a5c2e2da50a2a3f38b8837786,sollos/mesa-de-apoio-pipe-outdoor/1.jpg,https://galpao-design-imagens.s3.us-east-1.amazonaws.com/sollos/mesa-de-apoio-pipe-outdoor/1.jpg,,previsto,LATEST,
1_IX9I4r_XLRKUlT86cR13q5gyZagzKOd,PIPE2 - JAL.jpg,IN&OUT/*MESAS DE APOIO/PIPE2 - JAL.jpg,Sollos,sollos,MESA DE APOIO PIPE OUTDOOR,mesa-de-apoio-pipe-outdoor,JAL,2,5056537b29073202a6a69fac47ac7a03,sollos/mesa-de-apoio-pipe-outdoor/2.jpg,https://galpao-design-imagens.s3.us-east-1.amazonaws.com/sollos/mesa-de-apoio-pipe-outdoor/2.jpg,,previsto,LATEST,
1TpmHNfdL8ODhgrnNUkZUl7N9kbE8SHNl,JARDIM1 - JAL.jpg,IN&OUT/*MESAS DE APOIO/JARDIM1 - JAL.jpg,Sollos,sollos,MESA APOIO JARDIM DE PAREDE TAMPO CÔNCAVO MADEIRA,mesa-apoio-jardim-de-parede-tampo-concavo-madeira,JAL,1,b836237e6d9b9024792f7161dfa94101,sollos/mesa-apoio-jardim-de-parede-tampo-concavo-madeira/1.jpg,https://galpao-design-imagens.s3.us-east-1.amazonaws.com/sollos/mesa-apoio-jardim-de-parede-tampo-concavo-madeira/1.jpg,,previsto,LATEST,
1vhxwpES9icSGw7xNvA7bKrZ8gvPGQhMb,JARDIM2 - JAL.jpg,IN&OUT/*MESAS DE APOIO/JARDIM2 - JAL.jpg,Sollos,sollos,MESA APOIO JARDIM DE PAREDE TAMPO CÔNCAVO MADEIRA,mesa-apoio-jardim-de-parede-tampo-concavo-madeira,JAL,2,ff4587ba51c512eb8c14fad5ed92c8c4,sollos/mesa-apoio-jardim-de-parede-tampo-concavo-madeira/2.jpg,https://galpao-design-imagens.s3.us-east-1.amazonaws.com/sollos/mesa-apoio-jardim-de-parede-tampo-concavo-madeira/2.jpg,,previsto,LATEST,
1dmMDRxSggNJLFJQJitpXjz3eGpzwL7lQ,ARAM1 - DFL.webp,IN&OUT/*MESAS DE JANTAR/ARAM1 - DFL.webp,Dona Flor,dona-flor,ARAM,aram,DFL,1,990da0c7f248f4b42cbc0a69301a6b05,dona-flor/aram/1.webp,https://galpao-design-imagens.s3.us-east-1.amazonaws.com/dona-flor/aram/1.webp,,previsto,LATEST,
12vOHSApOjfIffypA3-nf7V3qX6cwnf4E,ARAM2 - DFL.jpg,IN&OUT/*MESAS DE JANTAR/ARAM2 - DFL.jpg,Dona Flor,dona-flor,ARAM,aram,DFL,2,f39d106a260e81e57cc9e7a704b41c58,dona-flor/aram/2.jpg,https://galpao-design-imagens.s3.us-east-1.amazonaws.com/dona-flor/aram/2.jpg,,previsto,LATEST,
1HGZgQEqi1r7ONhx1kTM5CoOjC8jB_Ajx,BUNI1 - JAL.jpg,LIVING/MESAS DE JANTAR - GD/*MESAS DE JANTAR/BUNI1 - JAL.jpg,Sollos,sollos,MESA DE JANTAR BUNI OUTDOOR MODELO 02,mesa-de-jantar-buni-outdoor-modelo-02,JAL,1,32f6c160a7d7b9a4e750124a5ddb3252,sollos/mesa-de-jantar-buni-outdoor-modelo-02/1.jpg,https://galpao-design-imagens.s3.us-east-1.amazonaws.com/sollos/mesa-de-jantar-buni-outdoor-modelo-02/1.jpg,,previsto,LATEST,
1TdLg4e4PYpwOFX2nuaBhls-mqXcjO6xd,BUNI2 - JAL.jpg,LIVING/MESAS DE JANTAR - GD/*MESAS DE JANTAR/BUNI2 - JAL.jpg,Sollos,sollos,MESA DE JANTAR BUNI OUTDOOR MODELO 02,mesa-de-jantar-buni-outdoor-modelo-02,JAL,2,7781e293b4de89b6218c431e91e497da,sollos/mesa-de-jantar-buni-outdoor-modelo-02/2.jpg,https://galpao-design-imagens.s3.us-east-1.amazonaws.com/sollos/mesa-de-jantar-buni-outdoor-modelo-02/2.jpg,,previsto,LATEST,
1Hhi3sgcumqvxQwlQTFaHWfXWVLZou-tR,BUNI3 - JAL.jpg,LIVING/MESAS DE JANTAR - GD/*MESAS DE JANTAR/BUNI3 - JAL.jpg,Sollos,sollos,MESA DE JANTAR BUNI OUTDOOR MODELO 02,mesa-de-jantar-buni-outdoor-modelo-02,JAL,3,acaa387b2b8098c054037e17ff99c3a9,sollos/mesa-de-jantar-buni-outdoor-modelo-02/3.jpg,https://galpao-design-imagens.s3.us-east-1.amazonaws.com/sollos/mesa-de-jantar-buni-outdoor-modelo-02/3.jpg,,previsto,LATEST,
1mmcEs561vjiSmzh9MVcUQSl5Ovp8HbkX,BUNI ELIPSE1 - JAL.jpg,IN&OUT/*MESAS DE JANTAR/BUNI ELIPSE1 - JAL.jpg,Sollos,sollos,MESA DE JANTAR BUNI ELIPSE OUTDOOR,mesa-de-jantar-buni-elipse-outdoor,JAL,1,f71a34550f37430f2c7c85234a86444d,sollos/mesa-de-jantar-buni-elipse-outdoor/1.jpg,https://galpao-design-imagens.s3.us-east-1.amazonaws.com/sollos/mesa-de-jantar-buni-elipse-outdoor/1.jpg,,previsto,LATEST,
1ZcK0QIqtyWHkEK4izqyCWwsgsSffguTx,BUNI ELIPSE2 - JAL.jpg.jpg,IN&OUT/*MESAS DE JANTAR/BUNI ELIPSE2 - JAL.jpg.jpg,Sollos,sollos,MESA DE JANTAR BUNI ELIPSE OUTDOOR,mesa-de-jantar-buni-elipse-outdoor,JAL,2,71317fb2ee480c472fd675be0685ec16,sollos/mesa-de-jantar-buni-elipse-outdoor/2.jpg,https://galpao-design-imagens.s3.us-east-1.amazonaws.com/sollos/mesa-de-jantar-buni-elipse-outdoor/2.jpg,,previsto,LATEST,
1XSndhCRbzk-4s1iJj3W6PUxUH-Op8JLF,HOLD1 - JAL.jpg,IN&OUT/*MESAS DE JANTAR/HOLD1 - JAL.jpg,Sollos,sollos,MESA JANTAR HOLD -,mesa-jantar-hold,JAL,1,69d95b090b8ff6ebffab6ea0c9f60a8b,sollos/mesa-jantar-hold/1.jpg,https://galpao-design-imagens.s3.us-east-1.amazonaws.com/sollos/mesa-jantar-hold/1.jpg,,previsto,LATEST,
1P-ZkHee7NCPtYPaC2A_aWGbWjw6tjJOa,HOLD2 - JAL.jpg,IN&OUT/*MESAS DE JANTAR/HOLD2 - JAL.jpg,Sollos,sollos,MESA JANTAR HOLD -,mesa-jantar-hold,JAL,2,187b54d0f2bfc2f771d6d2bbc351d89a,sollos/mesa-jantar-hold/2.jpg,https://galpao-design-imagens.s3.us-east-1.amazonaws.com/sollos/mesa-jantar-hold/2.jpg,,previsto,LATEST,
12XDYLwEeGB_Qpc-EswYc9R5bGICkWCFo,ALBA1 - JAL.jpg,IN&OUT/*CADEIRAS/ALBA1 - JAL.jpg,Sollos,sollos,CADEIRA ALBA VERSÃO 02,cadeira-alba-versao-02,JAL,1,474a68724e4969618256f538ac433470,sollos/cadeira-alba-versao-02/1.jpg,https://galpao-design-imagens.s3.us-east-1.amazonaws.com/sollos/cadeira-alba-versao-02/1.jpg,,previsto,LATEST,
126bUliOpiVGl_dKkogTje3AAKi13iO4s,ALBA2 - JAL.jpeg,LIVING/POLTRONAS - GD/*POLTRONAS/ALBA2 - JAL.jpeg,Sollos,sollos,CADEIRA ALBA VERSÃO 02,cadeira-alba-versao-02,JAL,2,6ccbd5b039c9825e78b9ffbe8ac8dbf7,sollos/cadeira-alba-versao-02/2.jpg,https://galpao-design-imagens.s3.us-east-1.amazonaws.com/sollos/cadeira-alba-versao-02/2.jpg,,previsto,LATEST,
1K2g0rHf7uTko2QhB6FKnHryKq5xAAVRB,ALBA2 - JAL.jpg,IN&OUT/*CADEIRAS/ALBA2 - JAL.jpg,Sollos,sollos,CADEIRA ALBA VERSÃO 02,cadeira-alba-versao-02,JAL,3,b9b39ddef32566ac1ff041de91c5c07d,sollos/cadeira-alba-versao-02/3.jpg,https://galpao-design-imagens.s3.us-east-1.amazonaws.com/sollos/cadeira-alba-versao-02/3.jpg,,previsto,LATEST,
1Iz3QvL2fLaRgzYauM2JAbPggTPsrZxI_,ALBA3 - JAL.jpeg,LIVING/CADEIRAS - GD/*CADEIRAS/ALBA3 - JAL.jpeg,Sollos,sollos,CADEIRA ALBA VERSÃO 02,cadeira-alba-versao-02,JAL,4,9d563c8bc4a8786cbc547cafcce55039,sollos/cadeira-alba-versao-02/4.jpg,https://galpao-design-imagens.s3.us-east-1.amazonaws.com/sollos/cadeira-alba-versao-02/4.jpg,,previsto,LATEST,
1aD14aGIBUHLsViINQ1XhAo_SfGL_-Qay,ALBA3 - JAL.jpg,LIVING/BANCOS E BANQUETAS - GD/*BANQUETAS/ALBA3 - JAL.jpg,Sollos,sollos,CADEIRA ALBA VERSÃO 02,cadeira-alba-versao-02,JAL,5,dd17d15372083e025e0063913424bdce,sollos/cadeira-alba-versao-02/5.jpg,https://galpao-design-imagens.s3.us-east-1.amazonaws.com/sollos/cadeira-alba-versao-02/5.jpg,,previsto,LATEST,
1oLbWo5bq4-IzDbGB7WgYphi21X__QMzy,ALBA4 - JAL.jpg,LIVING/BANCOS E BANQUETAS - GD/*BANQUETAS/ALBA4 - JAL.jpg,Sollos,sollos,CADEIRA ALBA VERSÃO 02,cadeira-alba-versao-02,JAL,6,1e07227347f5458071efcf98bed1b2f8,sollos/cadeira-alba-versao-02/6.jpg,https://galpao-design-imagens.s3.us-east-1.amazonaws.com/sollos/cadeira-alba-versao-02/6.jpg,,previsto,LATEST,
1AMUfRUzr1bXrJ9y2EhkFYC-P_hEaww6e,ALBA5 - JAL.jpg,LIVING/CADEIRAS - GD/*CADEIRAS/ALBA5 - JAL.jpg,Sollos,sollos,CADEIRA ALBA VERSÃO 02,cadeira-alba-versao-02,JAL,7,584ac3a98fb852f35925424683ca7532,sollos/cadeira-alba-versao-02/7.jpg,https://galpao-design-imagens.s3.us-east-1.amazonaws.com/sollos/cadeira-alba-versao-02/7.jpg,,previsto,LATEST,
1haeEXIpjf5lBaAjY3h14df9F_NlHhaIC,ALBA6 - JAL.jpg,LIVING/CADEIRAS - GD/*CADEIRAS/ALBA6 - JAL.jpg,Sollos,sollos,CADEIRA ALBA VERSÃO 02,cadeira-alba-versao-02,JAL,8,acaa387b2b8098c054037e17ff99c3a9,sollos/cadeira-alba-versao-02/8.jpg,https://galpao-design-imagens.s3.us-east-1.amazonaws.com/sollos/cadeira-alba-versao-02/8.jpg,,previsto,LATEST,
1T4xFBxVWVhZytuDAcBzJwt_vrXF2_pLI,SEIXO1 - JAL.jpg,IN&OUT/*MESAS DE CENTRO/SEIXO1 - JAL.jpg,Sollos,sollos,MESA CENTRO SEIXO,mesa-centro-seixo,JAL,1,b2df4ae9e5e5b8e1aed2e057f85f052d,sollos/mesa-centro-seixo/1.jpg,https://galpao-design-imagens.s3.us-east-1.amazonaws.com/sollos/mesa-centro-seixo/1.jpg,,previsto,LATEST,
1wCouuztoMB-EQoRCWdWATaaqVI8coWZO,SEIXO2 - JAL.jpg,IN&OUT/*MESAS DE CENTRO/SEIXO2 - JAL.jpg,Sollos,sollos,MESA CENTRO SEIXO,mesa-centro-seixo,JAL,2,f0615da74b7717cf8679717b8fd5df4a,sollos/mesa-centro-seixo/2.jpg,https://galpao-design-imagens.s3.us-east-1.amazonaws.com/sollos/mesa-centro-seixo/2.jpg,,previsto,LATEST,
1ucwDFS2CDu1X_M2CXmQ6-uNeLpz-IOXf,BAGG1 - JAL.jpg,IN&OUT/*PUFFS/BAGG1 - JAL.jpg,Sollos,sollos,ESTRADO DE MADEIRA PARA LINHA MODE E BAGG,estrado-de-madeira-para-linha-mode-e-bagg,JAL,1,d0493cb2eccf293666a9322bc2e5ceaf,sollos/estrado-de-madeira-para-linha-mode-e-bagg/1.jpg,https://galpao-design-imagens.s3.us-east-1.amazonaws.com/sollos/estrado-de-madeira-para-linha-mode-e-bagg/1.jpg,,previsto,LATEST,
1eCm_jr5FEfzBHnS8vvAvpOt8lQgnCVmQ,BAGG2 - JAL.jpeg,IN&OUT/*CHAISES/BAGG2 - JAL.jpeg,Sollos,sollos,ESTRADO DE MADEIRA PARA LINHA MODE E BAGG,estrado-de-madeira-para-linha-mode-e-bagg,JAL,2,654961abd5eacba51f4976eac5e3d069,sollos/estrado-de-madeira-para-linha-mode-e-bagg/2.jpg,https://galpao-design-imagens.s3.us-east-1.amazonaws.com/sollos/estrado-de-madeira-para-linha-mode-e-bagg/2.jpg,,previsto,LATEST,
1GzPKCVUS8nGPC5Rw9BTQmCqjP0WWGKlt,BAGG2 - JAL.jpg,IN&OUT/*PUFFS/BAGG2 - JAL.jpg,Sollos,sollos,ESTRADO DE MADEIRA PARA LINHA MODE E BAGG,estrado-de-madeira-para-linha-mode-e-bagg,JAL,3,b9846508d87b199374c3c883c9d4e5bd,sollos/estrado-de-madeira-para-linha-mode-e-bagg/3.jpg,https://galpao-design-imagens.s3.us-east-1.amazonaws.com/sollos/estrado-de-madeira-para-linha-mode-e-bagg/3.jpg,,previsto,LATEST,
1uSaVaFugwIlMUQsKJmaWd1CBPE3EISeG,MÓDULO MODE1 - JAL.jpg,IN&OUT/*PUFFS/MÓDULO MODE1 - JAL.jpg,Sollos,sollos,MÓDULO MODE,modulo-mode,JAL,1,b786c687caa62b79c1c78be10a52ff7f,sollos/modulo-mode/1.jpg,https://galpao-design-imagens.s3.us-east-1.amazonaws.com/sollos/modulo-mode/1.jpg,,previsto,LATEST,
1sumFOxeSmmRmwWv4bGBRegeNXCStlhBT,MÓDULO MODE2 - JAL.jpg,IN&OUT/*PUFFS/MÓDULO MODE2 - JAL.jpg,Sollos,sollos,MÓDULO MODE,modulo-mode,JAL,2,605e013bcfe91d273adf0cb8fb881cd4,sollos/modulo-mode/2.jpg,https://galpao-design-imagens.s3.us-east-1.amazonaws.com/sollos/modulo-mode/2.jpg,,previsto,LATEST,
1EhLz3TmbVNLskU5Vk6CazHun39KX9Cpr,PORT1 - JAL.jpg,IN&OUT/*PUFFS/PORT1 - JAL.jpg,Sollos,sollos,PUFF PORT,puff-port,JAL,1,3b8dd6480a98b3e37c286743e0c04e8d,sollos/puff-port/1.jpg,https://galpao-design-imagens.s3.us-east-1.amazonaws.com/sollos/puff-port/1.jpg,,previsto,LATEST,
1n09DxIwx_KNN0FNziaM7LKHeNQE_S-8F,PORT2 - JAL.jpg,IN&OUT/*PUFFS/PORT2 - JAL.jpg,Sollos,sollos,PUFF PORT,puff-port,JAL,2,7770f01694c91474f7a315a2db69efdd,sollos/puff-port/2.jpg,https://galpao-design-imagens.s3.us-east-1.amazonaws.com/sollos/puff-port/2.jpg,,previsto,LATEST,
17AGLOwwnI3oIcmG_QrvyfUZZUnCNM9CK,ARBO1 - JAL.jpg,IN&OUT/*APARADORES/ARBO1 - JAL.jpg,Sollos,sollos,MÓDULO PARA CHURRASQUEIRA COM LIXEIRA ARBO,modulo-para-churrasqueira-com-lixeira-arbo,JAL,1,0b057b3e8d9bbb7232ef9a156a9f5b7c,sollos/modulo-para-churrasqueira-com-lixeira-arbo/1.jpg,https://galpao-design-imagens.s3.us-east-1.amazonaws.com/sollos/modulo-para-churrasqueira-com-lixeira-arbo/1.jpg,,previsto,LATEST,
1cNa_fUowEUNst9Xqbf19bBnN3b1IxrH5,ARBO2 - JAL.jpg,IN&OUT/*APARADORES/ARBO2 - JAL.jpg,Sollos,sollos,MÓDULO PARA CHURRASQUEIRA COM LIXEIRA ARBO,modulo-para-churrasqueira-com-lixeira-arbo,JAL,2,33ef1726c079cccc5babbbefecd5de97,sollos/modulo-para-churrasqueira-com-lixeira-arbo/2.jpg,https://galpao-design-imagens.s3.us-east-1.amazonaws.com/sollos/modulo-para-churrasqueira-com-lixeira-arbo/2.jpg,,previsto,LATEST,
1NadK-oWHsuq6AMKuN5fgiJ8RCD0KOenj,GÓIA1 - JAL.jpg,IN&OUT/*APARADORES/GÓIA1 - JAL.jpg,Sollos,sollos,APARADOR GÓIA,aparador-goia,JAL,1,deb14bae91516d42808b13738314616d,sollos/aparador-goia/1.jpg,https://galpao-design-imagens.s3.us-east-1.amazonaws.com/sollos/aparador-goia/1.jpg,,previsto,LATEST,
1ITX7-KPL1gCUyYHGurzYOXAkoZ_j8MkY,GÓIA2 - JAL.jpg,IN&OUT/*APARADORES/GÓIA2 - JAL.jpg,Sollos,sollos,APARADOR GÓIA,aparador-goia,JAL,2,f966fe6df138f6387046fee0ed7325ac,sollos/aparador-goia/2.jpg,https://galpao-design-imagens.s3.us-east-1.amazonaws.com/sollos/aparador-goia/2.jpg,,previsto,LATEST,
1DejgDnsII4lzOpOLeSxho3D8MtdACOfg,BLADE - JAL.jpg,LIVING/BANCOS E BANQUETAS - GD/BLADE - JAL.jpg,Sollos,sollos,BANCO BLADE RATTAN,banco-blade-rattan,JAL,1,dfbb95dd68a87cd91156a3d19c9010dc,sollos/banco-blade-rattan/1.jpg,https://galpao-design-imagens.s3.us-east-1.amazonaws.com/sollos/banco-blade-rattan/1.jpg,,previsto,LATEST,
1yqpNsgJ4iaI7Er2mtS7tzOVdF-fqgH-B,BLADE1 - JAL.jpg,LIVING/BANCOS E BANQUETAS - GD/*BANCOS/BLADE1 - JAL.jpg,Sollos,sollos,BANCO BLADE RATTAN,banco-blade-rattan,JAL,2,af4c98f390508eb83fd852a294b21b26,sollos/banco-blade-rattan/2.jpg,https://galpao-design-imagens.s3.us-east-1.amazonaws.com/sollos/banco-blade-rattan/2.jpg,,previsto,LATEST,
1Nw0W7PzfP0qTTw2W4r3MQK0P5Gyc4eUw,BLADE2 - JAL.jpeg,LIVING/BANCOS E BANQUETAS - GD/BLADE2 - JAL.jpeg,Sollos,sollos,BANCO BLADE RATTAN,banco-blade-rattan,JAL,3,13d9cac3cee50d0e782a573ce7c1a04f,sollos/banco-blade-rattan/3.jpg,https://galpao-design-imagens.s3.us-east-1.amazonaws.com/sollos/banco-blade-rattan/3.jpg,,previsto,LATEST,
1SLUq_oKRCQa9k5pnW4ffmR45dm_2aNyU,BLADE2 - JAL.jpg,IN&OUT/*CHAISES/BLADE2 - JAL.jpg,Sollos,sollos,BANCO BLADE RATTAN,banco-blade-rattan,JAL,4,07aad0f0dbb1fc53041fdcfe67910b48,sollos/banco-blade-rattan/4.jpg,https://galpao-design-imagens.s3.us-east-1.amazonaws.com/sollos/banco-blade-rattan/4.jpg,,previsto,LATEST,
1cjBYdQb8anDWjcWv0ZGaH5H8ltdUvX1H,BLADE3 - JAL.jpeg,LIVING/BANCOS E BANQUETAS - GD/BLADE3 - JAL.jpeg,Sollos,sollos,BANCO BLADE RATTAN,banco-blade-rattan,JAL,5,879064d94e670a59afe272cc4558cc4d,sollos/banco-blade-rattan/5.jpg,https://galpao-design-imagens.s3.us-east-1.amazonaws.com/sollos/banco-blade-rattan/5.jpg,,previsto,LATEST,
1215AdupmAU4u9uzxO5eb9nww6YugnSee,BEA1 - JAL.jpg,IN&OUT/*CHAISES/BEA1 - JAL.jpg,Sollos,sollos,SWING BEA OUTDOOR VERSÃO 02,swing-bea-outdoor-versao-02,JAL,1,23b8bf74073c894d801c08f18fbdee86,sollos/swing-bea-outdoor-versao-02/1.jpg,https://galpao-design-imagens.s3.us-east-1.amazonaws.com/sollos/swing-bea-outdoor-versao-02/1.jpg,,previsto,LATEST,
1E-UmB3Q9OlfG1TH6SP35r5HvbIg6HdUH,BEA2 - JAL.jpg,IN&OUT/*CHAISES/BEA2 - JAL.jpg,Sollos,sollos,SWING BEA OUTDOOR VERSÃO 02,swing-bea-outdoor-versao-02,JAL,2,c4ad106cb9662e1b3bda421161812a35,sollos/swing-bea-outdoor-versao-02/2.jpg,https://galpao-design-imagens.s3.us-east-1.amazonaws.com/sollos/swing-bea-outdoor-versao-02/2.jpg,,previsto,LATEST,
1bxOotm4F7KIQWvqqLkLWybC0fC-8VQxR,AERADA1 - DFL.webp,IN&OUT/*POLTRONAS/AERADA1 - DFL.webp,Dona Flor,dona-flor,AERADA,aerada,DFL,1,65cee83c1528492d4190d2745f27d34a,dona-flor/aerada/1.webp,https://galpao-design-imagens.s3.us-east-1.amazonaws.com/dona-flor/aerada/1.webp,,previsto,LATEST,
144Ecm7KLyXbO5dcw0YQ3c-Szdhh2XDe1,AERADA2 - DFL.jpg,IN&OUT/*POLTRONAS/AERADA2 - DFL.jpg,Dona Flor,dona-flor,AERADA,aerada,DFL,2,248fbefbdfbd166cfa8c3d0854b7867d,dona-flor/aerada/2.jpg,https://galpao-design-imagens.s3.us-east-1.amazonaws.com/dona-flor/aerada/2.jpg,,previsto,LATEST,
1YrskrivHsZqMkWwMmlRXhkw8BI7JROef,BRINCANTES1 - DFL.webp,IN&OUT/*POLTRONAS/BRINCANTES1 - DFL.webp,Dona Flor,dona-flor,BRINCANTES,brincantes,DFL,1,3ef27ba70dba5b833e28152f2d7e4abe,dona-flor/brincantes/1.webp,https://galpao-design-imagens.s3.us-east-1.amazonaws.com/dona-flor/brincantes/1.webp,,previsto,LATEST,
1hSW5o2mgt5-qcp3uI1KXp1pem5u3uAYi,BRINCANTES2 - DFL.webp,IN&OUT/*POLTRONAS/BRINCANTES2 - DFL.webp,Dona Flor,dona-flor,BRINCANTES,brincantes,DFL,2,605a146324f3cbb5625643e0a0abd548,dona-flor/brincantes/2.webp,https://galpao-design-imagens.s3.us-east-1.amazonaws.com/dona-flor/brincantes/2.webp,,previsto,LATEST,
1eYk_EGWkT8Wz5nZ4daMyukdxyihWs5w6,DOTY TRAMA1 - JAL.jpg,IN&OUT/*POLTRONAS/DOTY TRAMA1 - JAL.jpg,Sollos,sollos,POLTRONA DOTY TRAMA,poltrona-doty-trama,JAL,1,5d293b5dbd5251e8e1fcc20afa1390ae,sollos/poltrona-doty-trama/1.jpg,https://galpao-design-imagens.s3.us-east-1.amazonaws.com/sollos/poltrona-doty-trama/1.jpg,,previsto,LATEST,
12XugmbW_BHeZsIJCowg3SmljdR_bNS9I,DOTY TRAMA2 - JAL.jpg,IN&OUT/*POLTRONAS/DOTY TRAMA2 - JAL.jpg,Sollos,sollos,POLTRONA DOTY TRAMA,poltrona-doty-trama,JAL,2,70a1753a113becfcb278a12fe6e05ba2,sollos/poltrona-doty-trama/2.jpg,https://galpao-design-imagens.s3.us-east-1.amazonaws.com/sollos/poltrona-doty-trama/2.jpg,,previsto,LATEST,
1CZnYD8-0UAOAIhA_atL0S80nD6kwUYEk,CECÍLIA1 - DFL.JPG,IN&OUT/*POLTRONAS/CECÍLIA1 - DFL.JPG,Dona Flor,dona-flor,CECÍLIA,cecilia,DFL,1,988765e9ab5a80f1cbdd92aa76646a01,dona-flor/cecilia/1.jpg,https://galpao-design-imagens.s3.us-east-1.amazonaws.com/dona-flor/cecilia/1.jpg,,previsto,LATEST,
15Rqml9hw_CM8ThlJHNWPLAeLOVtoI03k,DUMONT FIXA1 - JAL.jpg,IN&OUT/*POLTRONAS/DUMONT FIXA1 - JAL.jpg,Sollos,sollos,POLTRONA DUMONT FIXA,poltrona-dumont-fixa,JAL,1,e7481059a4e24bf2e7d8ecfebb49adcd,sollos/poltrona-dumont-fixa/1.jpg,https://galpao-design-imagens.s3.us-east-1.amazonaws.com/sollos/poltrona-dumont-fixa/1.jpg,,previsto,LATEST,
1MWeXQuRP_vzYHJvRcmaABvWCFIdAiBEZ,DUMONT FIXA2 - JAL.jpg,IN&OUT/*POLTRONAS/DUMONT FIXA2 - JAL.jpg,Sollos,sollos,POLTRONA DUMONT FIXA,poltrona-dumont-fixa,JAL,2,7209fb0ea94ba5eb950868405287ae10,sollos/poltrona-dumont-fixa/2.jpg,https://galpao-design-imagens.s3.us-east-1.amazonaws.com/sollos/poltrona-dumont-fixa/2.jpg,,previsto,LATEST,
1PUFYHorT-SEWvYdmO-4YnR60g9avoMni,ELLA1 - JAL.jpg,LIVING/CADEIRAS - GD/*CADEIRAS/ELLA1 - JAL.jpg,Sollos,sollos,CADEIRA ELLA VERSÃO 02,cadeira-ella-versao-02,JAL,1,e7dbb16a70eda807f94ce2d123376d82,sollos/cadeira-ella-versao-02/1.jpg,https://galpao-design-imagens.s3.us-east-1.amazonaws.com/sollos/cadeira-ella-versao-02/1.jpg,,previsto,LATEST,
1wgwOb0A6RyoWLXwQtO-4Qqhtf41rLLWx,ELLA2 - JAL.jpeg,LIVING/POLTRONAS - GD/*POLTRONAS/ELLA2 - JAL.jpeg,Sollos,sollos,CADEIRA ELLA VERSÃO 02,cadeira-ella-versao-02,JAL,2,88313774d385a511c71494c358350656,sollos/cadeira-ella-versao-02/2.jpg,https://galpao-design-imagens.s3.us-east-1.amazonaws.com/sollos/cadeira-ella-versao-02/2.jpg,,previsto,LATEST,
1yF5KntJrpaG6Q9IWVQgdfiXzihdIPRQu,ELLA2 - JAL.jpg,IN&OUT/*POLTRONAS/ELLA2 - JAL.jpg,Sollos,sollos,CADEIRA ELLA VERSÃO 02,cadeira-ella-versao-02,JAL,3,e09d30f72405ae831d8347ba0a83b0c4,sollos/cadeira-ella-versao-02/3.jpg,https://galpao-design-imagens.s3.us-east-1.amazonaws.com/sollos/cadeira-ella-versao-02/3.jpg,,previsto,LATEST,
1nDALU1hiidCOQGP_IkwTDwWWX_63GUz6,ELLA3 - JAL.jpg,LIVING/CADEIRAS - GD/*CADEIRAS/ELLA3 - JAL.jpg,Sollos,sollos,CADEIRA ELLA VERSÃO 02,cadeira-ella-versao-02,JAL,4,f7f0745b78159d92fe7e51cc0e04e0de,sollos/cadeira-ella-versao-02/4.jpg,https://galpao-design-imagens.s3.us-east-1.amazonaws.com/sollos/cadeira-ella-versao-02/4.jpg,,previsto,LATEST,
1DpyPnVQCV6VR52wpSh9qZyq3EM7szN2p,ELLA4 - JAL.jpg,LIVING/CADEIRAS - GD/*CADEIRAS/ELLA4 - JAL.jpg,Sollos,sollos,CADEIRA ELLA VERSÃO 02,cadeira-ella-versao-02,JAL,5,2a2afc2dda1062dc04b2a249099c7283,sollos/cadeira-ella-versao-02/5.jpg,https://galpao-design-imagens.s3.us-east-1.amazonaws.com/sollos/cadeira-ella-versao-02/5.jpg,,previsto,LATEST,
1pJlJiyB8VYPCI-icR3jpMQRBACfQaFT_,ELLA5 - JAL.jpg,LIVING/CADEIRAS - GD/*CADEIRAS/ELLA5 - JAL.jpg,Sollos,sollos,CADEIRA ELLA VERSÃO 02,cadeira-ella-versao-02,JAL,6,582518f52850f9be0149fcc9ed14e421,sollos/cadeira-ella-versao-02/6.jpg,https://galpao-design-imagens.s3.us-east-1.amazonaws.com/sollos/cadeira-ella-versao-02/6.jpg,,previsto,LATEST,
19KLlrCFl9ifhepah_e1ffMdDMw5rroH3,ELLA6 - JAL.jpeg,LIVING/CADEIRAS - GD/*CADEIRAS/ELLA6 - JAL.jpeg,Sollos,sollos,CADEIRA ELLA VERSÃO 02,cadeira-ella-versao-02,JAL,7,7c6b0dc539a07d6f95712e8841043848,sollos/cadeira-ella-versao-02/7.jpg,https://galpao-design-imagens.s3.us-east-1.amazonaws.com/sollos/cadeira-ella-versao-02/7.jpg,,previsto,LATEST,
1JxbF0HZkhSpDWByO4qMPvVp-QqMmj62F,NAVA1 - JAL.jpg,IN&OUT/*POLTRONAS/NAVA1 - JAL.jpg,Sollos,sollos,POLTRONA NAVA,poltrona-nava,JAL,1,29abb371274b42b083eb74ce4492bb91,sollos/poltrona-nava/1.jpg,https://galpao-design-imagens.s3.us-east-1.amazonaws.com/sollos/poltrona-nava/1.jpg,,previsto,LATEST,
1rDdVwQJ7XgQ78OgNzvigKkC6o8B4o1e9,NAVA2 - JAL.jpg,IN&OUT/*POLTRONAS/NAVA2 - JAL.jpg,Sollos,sollos,POLTRONA NAVA,poltrona-nava,JAL,2,ec7c3067b550edcfe7b7b0aed5cd4be3,sollos/poltrona-nava/2.jpg,https://galpao-design-imagens.s3.us-east-1.amazonaws.com/sollos/poltrona-nava/2.jpg,,previsto,LATEST,
1e5eM-pa2hQj8kqnBD5I6Y2co1xktZWoU,BALLI1 - JAL.jpg,IN&OUT/*POLTRONAS/BALLI1 - JAL.jpg,Sollos,sollos,CADEIRA BALLI,cadeira-balli,JAL,1,b03c0872757a0ddd54249a2aa42eab36,sollos/cadeira-balli/1.jpg,https://galpao-design-imagens.s3.us-east-1.amazonaws.com/sollos/cadeira-balli/1.jpg,,previsto,LATEST,
1pAwtsWFhFT3J1K0KJb2sBYH3MOSBbcBU,BALLI2 - JAL.jpg,IN&OUT/*CADEIRAS/BALLI2 - JAL.jpg,Sollos,sollos,CADEIRA BALLI,cadeira-balli,JAL,2,f3f8dba8209636e919348ead49f03b0f,sollos/cadeira-balli/2.jpg,https://galpao-design-imagens.s3.us-east-1.amazonaws.com/sollos/cadeira-balli/2.jpg,,previsto,LATEST,
1KNoSJ9HJq98SFrHqo0A3q31Shb4UEGw-,TONI I1 - JAL.jpg,IN&OUT/*POLTRONAS/TONI I1 - JAL.jpg,Sollos,sollos,POLTRONA TONI II,poltrona-toni-ii,JAL,1,9a703cc23413c24b074f350e29f86eb0,sollos/poltrona-toni-ii/1.jpg,https://galpao-design-imagens.s3.us-east-1.amazonaws.com/sollos/poltrona-toni-ii/1.jpg,,previsto,LATEST,
1B1paXwQpcmgiAw3eoZrh9zIrPoh8fLfE,TONI I2 - JAL.jpg,IN&OUT/*POLTRONAS/TONI I2 - JAL.jpg,Sollos,sollos,POLTRONA TONI II,poltrona-toni-ii,JAL,2,5409eb6b7d53814bff5f71ae0f00900b,sollos/poltrona-toni-ii/2.jpg,https://galpao-design-imagens.s3.us-east-1.amazonaws.com/sollos/poltrona-toni-ii/2.jpg,,previsto,LATEST,
16j3QtuMYcW1osidBFn1LI7OPgWlqHDZq,MELL1 - JAL.jpg,IN&OUT/*POLTRONAS/MELL1 - JAL.jpg,Sollos,sollos,POLTRONA MELL,poltrona-mell,JAL,1,08890b402f84fd1aace41273fae8e9ee,sollos/poltrona-mell/1.jpg,https://galpao-design-imagens.s3.us-east-1.amazonaws.com/sollos/poltrona-mell/1.jpg,,previsto,LATEST,
1ynW6y0Bq-wxlFdM8-5scRgyI_SoSKqLo,MELL2 - JAL.jpg,IN&OUT/*POLTRONAS/MELL2 - JAL.jpg,Sollos,sollos,POLTRONA MELL,poltrona-mell,JAL,2,4ea4cb250836427f51b9a01b85b15cc4,sollos/poltrona-mell/2.jpg,https://galpao-design-imagens.s3.us-east-1.amazonaws.com/sollos/poltrona-mell/2.jpg,,previsto,LATEST,
1o22MackJStpn_vbc4iG2NDTlvmi0iPv3,CITTÉ1 - JAL.jpg,IN&OUT/*POLTRONAS/CITTÉ1 - JAL.jpg,Sollos,sollos,POLTRONA CITTE VERSÃO 02,poltrona-citte-versao-02,JAL,1,39067d7bbc019ef0c10ff0dcec78d890,sollos/poltrona-citte-versao-02/1.jpg,https://galpao-design-imagens.s3.us-east-1.amazonaws.com/sollos/poltrona-citte-versao-02/1.jpg,,previsto,LATEST,
1j-Av7d6JarcuLG-pi_P9lrjQUgqOwRIs,CITTÉ2 - JAL.jpg,IN&OUT/*POLTRONAS/CITTÉ2 - JAL.jpg,Sollos,sollos,POLTRONA CITTE VERSÃO 02,poltrona-citte-versao-02,JAL,2,37b24c66ac232b68896e3627791317e5,sollos/poltrona-citte-versao-02/2.jpg,https://galpao-design-imagens.s3.us-east-1.amazonaws.com/sollos/poltrona-citte-versao-02/2.jpg,,previsto,LATEST,
1hDrQtnV3l6GPRJEqKlgWQo7kY65dY2q8,ANAUÊ1 - DFL.webp,IN&OUT/*CADEIRAS/ANAUÊ1 - DFL.webp,Dona Flor,dona-flor,ANAUÊ,anaue,DFL,1,95cda9203b8cda8d3c37e370ff119907,dona-flor/anaue/1.webp,https://galpao-design-imagens.s3.us-east-1.amazonaws.com/dona-flor/anaue/1.webp,,previsto,LATEST,
1D5kDehSgwJsEVWx8yIpX-lBA6RjNKrZE,ANAUÊ2 - DFL.webp,IN&OUT/*CADEIRAS/ANAUÊ2 - DFL.webp,Dona Flor,dona-flor,ANAUÊ,anaue,DFL,2,dad0fe31fe7631358a2877b3582f0c07,dona-flor/anaue/2.webp,https://galpao-design-imagens.s3.us-east-1.amazonaws.com/dona-flor/anaue/2.webp,,previsto,LATEST,
1YQC_Ijsk2jj5Sk_cSh0tUvE_ON6vKqw-,NAVA C/ BRAÇO1 - JAL.jpg,IN&OUT/*CADEIRAS/NAVA C/ BRAÇO1 - JAL.jpg,Sollos,sollos,SOFÁ DOTY 1 BRAÇO,sofa-doty-1-braco,JAL,1,4e437441ff7d92b14356e6313e3ba460,sollos/sofa-doty-1-braco/1.jpg,https://galpao-design-imagens.s3.us-east-1.amazonaws.com/sollos/sofa-doty-1-braco/1.jpg,,previsto,LATEST,
1Z7SxNo4bxAQz8OlzHg88U-mKav0HzS4h,NAVA C/ BRAÇO2 - JAL.jpg,IN&OUT/*CADEIRAS/NAVA C/ BRAÇO2 - JAL.jpg,Sollos,sollos,SOFÁ DOTY 1 BRAÇO,sofa-doty-1-braco,JAL,2,114f0b4f61d2a3eec6fe1b2c8652b8b5,sollos/sofa-doty-1-braco/2.jpg,https://galpao-design-imagens.s3.us-east-1.amazonaws.com/sollos/sofa-doty-1-braco/2.jpg,,previsto,LATEST,
14ji2_2NwKkOO3V-15Xc7BQftG2am7ewE,GRACE1 - JAL.jpg,IN&OUT/*CADEIRAS/GRACE1 - JAL.jpg,Sollos,sollos,CADEIRA GRACE,cadeira-grace,JAL,1,ae6fe0825dec2be2d24e40d0da66f3ae,sollos/cadeira-grace/1.jpg,https://galpao-design-imagens.s3.us-east-1.amazonaws.com/sollos/cadeira-grace/1.jpg,,previsto,LATEST,
1Wwhtx5MqImrRMFFg03EdevUkqOv8M-Ci,GRACE2 - JAL.jpg,IN&OUT/*CADEIRAS/GRACE2 - JAL.jpg,Sollos,sollos,CADEIRA GRACE,cadeira-grace,JAL,2,e7e68262c2bd912b6222a564b542128a,sollos/cadeira-grace/2.jpg,https://galpao-design-imagens.s3.us-east-1.amazonaws.com/sollos/cadeira-grace/2.jpg,,previsto,LATEST,
1nUSVzZA45rptTyTuAiT4QJPzpaOfG8r6,IPANEMA1 - JAL.jpg,LIVING/POLTRONAS - GD/*POLTRONAS/IPANEMA1 - JAL.jpg,Sollos,sollos,CADEIRA IPANEMA,cadeira-ipanema,JAL,1,680df94f525bb869df250bedf074f381,sollos/cadeira-ipanema/1.jpg,https://galpao-design-imagens.s3.us-east-1.amazonaws.com/sollos/cadeira-ipanema/1.jpg,,previsto,LATEST,
18X8xaoEJHSxMz0knYzJHKAlGtv0S4de3,IPANEMA2 - JAL.jpg,IN&OUT/*CADEIRAS/IPANEMA2 - JAL.jpg,Sollos,sollos,CADEIRA IPANEMA,cadeira-ipanema,JAL,2,447f8c6db40fbdac36930524b235416e,sollos/cadeira-ipanema/2.jpg,https://galpao-design-imagens.s3.us-east-1.amazonaws.com/sollos/cadeira-ipanema/2.jpg,,previsto,LATEST,
1N7elrnn3yycfE0so3gf6Fs3kGYQTC2wE,MUNICK1 - JAL.jpg,LIVING/CHAISES/MUNICK1 - JAL.jpg,Sollos,sollos,• Puff Munick,puff-munick,JAL,1,31bcadd1107402b0e44eeb7e626e91e0,sollos/puff-munick/1.jpg,https://galpao-design-imagens.s3.us-east-1.amazonaws.com/sollos/puff-munick/1.jpg,,previsto,LATEST,
1UncLjX4b1qxeDbDG4ZT4YjofxDaI7ML9,MUNICK2 - JAL.jpg,LIVING/CHAISES/MUNICK2 - JAL.jpg,Sollos,sollos,• Puff Munick,puff-munick,JAL,2,482a68f6fcfeeb8a0519798cc30ec397,sollos/puff-munick/2.jpg,https://galpao-design-imagens.s3.us-east-1.amazonaws.com/sollos/puff-munick/2.jpg,,previsto,LATEST,
1nV-CqKiUKHPFy-TNtcGwCUtIsaWpTKla,MUNICK3 - JAL.jpeg,LIVING/CHAISES/MUNICK3 - JAL.jpeg,Sollos,sollos,• Puff Munick,puff-munick,JAL,3,f420b9822d58fb2a08ccdac8c8ff2024,sollos/puff-munick/3.jpg,https://galpao-design-imagens.s3.us-east-1.amazonaws.com/sollos/puff-munick/3.jpg,,previsto,LATEST,
1QoThBo3YglxHHmUKDes6dc8cxk6Go_ql,RÉGIA1 - RBA.jpg,LIVING/CHAISES/RÉGIA1 - RBA.jpg,Roberta Banqueri,roberta-banqueri,REGIA - pés em aço com pintura,regia-pes-em-aco-com-pintura,RBA,1,c75d634a502328aa1063355c71e64e9c,roberta-banqueri/regia-pes-em-aco-com-pintura/1.jpg,https://galpao-design-imagens.s3.us-east-1.amazonaws.com/roberta-banqueri/regia-pes-em-aco-com-pintura/1.jpg,,previsto,LATEST,
1gECPPDk71czu_mNCu6Ayq59iMOgIvhfm,RÉGIA2 - RBA.jpg,LIVING/CHAISES/RÉGIA2 - RBA.jpg,Roberta Banqueri,roberta-banqueri,REGIA - pés em aço com pintura,regia-pes-em-aco-com-pintura,RBA,2,94da92957d40c59e74f6fd141e28ad82,roberta-banqueri/regia-pes-em-aco-com-pintura/2.jpg,https://galpao-design-imagens.s3.us-east-1.amazonaws.com/roberta-banqueri/regia-pes-em-aco-com-pintura/2.jpg,,previsto,LATEST,
1gkVnMv9q-EBmoA3smkvhpVx0277Xt-d2,TORRE LONDON1 - JAL.jpg,LIVING/CARRO BAR/CHÁ E BARES/TORRE LONDON1 - JAL.jpg,Sollos,sollos,TORRE LONDON,torre-london,JAL,1,2a5c7dd3228fd830067a498a6b8404e9,sollos/torre-london/1.jpg,https://galpao-design-imagens.s3.us-east-1.amazonaws.com/sollos/torre-london/1.jpg,,previsto,LATEST,
1WUujb-iOsHSCVwLT5XH05Y82VJP20y-P,TORRE LONDON2 - JAL.jpg,LIVING/CARRO BAR/CHÁ E BARES/TORRE LONDON2 - JAL.jpg,Sollos,sollos,TORRE LONDON,torre-london,JAL,2,7e0567e376e872983d75165119db2a27,sollos/torre-london/2.jpg,https://galpao-design-imagens.s3.us-east-1.amazonaws.com/sollos/torre-london/2.jpg,,previsto,LATEST,
1z-1rJ5nySgS60piwedt6G8rcCbldmgTb,RACIONAL1 - RBA.jpg,LIVING/ESTANTES/*ESTANTES/RACIONAL1 - RBA.jpg,Roberta Banqueri,roberta-banqueri,RACIONAL - estrutura em aço com pintura,racional-estrutura-em-aco-com-pintura,RBA,1,033b0abc4405d599f4bf382cf8693e4c,roberta-banqueri/racional-estrutura-em-aco-com-pintura/1.jpg,https://galpao-design-imagens.s3.us-east-1.amazonaws.com/roberta-banqueri/racional-estrutura-em-aco-com-pintura/1.jpg,,previsto,LATEST,
1dxuHNG9xCiGmjVH7hGvjX4LMjakvUYMj,RACIONAL2 - RBA.jpg,LIVING/ESTANTES/*ESTANTES/RACIONAL2 - RBA.jpg,Roberta Banqueri,roberta-banqueri,RACIONAL - estrutura em aço com pintura,racional-estrutura-em-aco-com-pintura,RBA,2,b75832e4d817c2e7403130873b87ac34,roberta-banqueri/racional-estrutura-em-aco-com-pintura/2.jpg,https://galpao-design-imagens.s3.us-east-1.amazonaws.com/roberta-banqueri/racional-estrutura-em-aco-com-pintura/2.jpg,,previsto,LATEST,
1uMTOse2tUuR1nv7uZKgsqXcFCU9gvTQK,MUSH1 - JAL.jpg,LIVING/MESAS LATERAIS / APOIO/*MESAS LATERAIS/APOIO/MUSH1 - JAL.jpg,Sollos,sollos,RECIPIENTE MUSH,recipiente-mush,JAL,1,aa2bb79d791470b6fe0b0e06e6b63068,sollos/recipiente-mush/1.jpg,https://galpao-design-imagens.s3.us-east-1.amazonaws.com/sollos/recipiente-mush/1.jpg,,previsto,LATEST,
12ZVNA1PMDFZo7VnBDcUyi16Hxcu4uZwY,MUSH2 - JAL.jpg,LIVING/MESAS LATERAIS / APOIO/*MESAS LATERAIS/APOIO/MUSH2 - JAL.jpg,Sollos,sollos,RECIPIENTE MUSH,recipiente-mush,JAL,2,008b8744cfcb3a94476284dd5e50d414,sollos/recipiente-mush/2.jpg,https://galpao-design-imagens.s3.us-east-1.amazonaws.com/sollos/recipiente-mush/2.jpg,,previsto,LATEST,
1zDKspvs0EVJv_6BNkwFmYDeZa-EBQsjD,MUSH3 - JAL.jpeg,LIVING/MESAS LATERAIS / APOIO/*MESAS LATERAIS/APOIO/MUSH3 - JAL.jpeg,Sollos,sollos,RECIPIENTE MUSH,recipiente-mush,JAL,3,a0202d9e090716b80fb2aa1fda992280,sollos/recipiente-mush/3.jpg,https://galpao-design-imagens.s3.us-east-1.amazonaws.com/sollos/recipiente-mush/3.jpg,,previsto,LATEST,
1Dy-KlaDtxSlMrcJSqf6u63i_l9yZnj6P,MUSH4 - JAL.jpg,LIVING/MESAS LATERAIS / APOIO/*MESAS LATERAIS/APOIO/MUSH4 - JAL.jpg,Sollos,sollos,RECIPIENTE MUSH,recipiente-mush,JAL,4,1ef3d0498edae7127b22262419d56249,sollos/recipiente-mush/4.jpg,https://galpao-design-imagens.s3.us-east-1.amazonaws.com/sollos/recipiente-mush/4.jpg,,previsto,LATEST,
1vHwuhRcJWwHSwTV6jYMweyuTJIrUkG6v,BARCELONA1 - BCO.jpg,LIVING/MESAS LATERAIS / APOIO/*MESAS LATERAIS/APOIO/BARCELONA1 - BCO.jpg,Brazil Contemporaneo,brazil-contemporaneo,Base Mesa Lateral Barcelona para tampo de Mármore,base-mesa-lateral-barcelona-para-tampo-de-marmore,BCO,1,87dcbb415d066d98feaacf71c36a78b0,brazil-contemporaneo/base-mesa-lateral-barcelona-para-tampo-de-marmore/1.jpg,https://galpao-design-imagens.s3.us-east-1.amazonaws.com/brazil-contemporaneo/base-mesa-lateral-barcelona-para-tampo-de-marmore/1.jpg,,previsto,LATEST,
1WIzSs6hw3A2rN_sBtxzzb_nxK90oo7lz,BARCELONA2 - BCO.jpeg,LIVING/MESAS LATERAIS / APOIO/*MESAS LATERAIS/APOIO/BARCELONA2 - BCO.jpeg,Brazil Contemporaneo,brazil-contemporaneo,Base Mesa Lateral Barcelona para tampo de Mármore,base-mesa-lateral-barcelona-para-tampo-de-marmore,BCO,2,78aa9d695d71485ce05366b141b993b0,brazil-contemporaneo/base-mesa-lateral-barcelona-para-tampo-de-marmore/2.jpg,https://galpao-design-imagens.s3.us-east-1.amazonaws.com/brazil-contemporaneo/base-mesa-lateral-barcelona-para-tampo-de-marmore/2.jpg,,previsto,LATEST,
13GdSbrt-ys1ImUR3VOdAslgYunDLfthA,ITALIA1 - BCO.jpg,LIVING/MESAS LATERAIS / APOIO/*MESAS LATERAIS/APOIO/ITALIA1 - BCO.jpg,Brazil Contemporaneo,brazil-contemporaneo,Mesa Centro Itália,mesa-centro-italia,BCO,1,349bec3dfea274717c839597b431cc40,brazil-contemporaneo/mesa-centro-italia/1.jpg,https://galpao-design-imagens.s3.us-east-1.amazonaws.com/brazil-contemporaneo/mesa-centro-italia/1.jpg,,previsto,LATEST,
1PJPzft_f4jo5tNDex8DmI0VTEido9ghg,ITALIA2 - BCO.jpg,LIVING/MESAS LATERAIS / APOIO/*MESAS LATERAIS/APOIO/ITALIA2 - BCO.jpg,Brazil Contemporaneo,brazil-contemporaneo,Mesa Centro Itália,mesa-centro-italia,BCO,2,f603a51a33a7b98316bb42cab6d285b8,brazil-contemporaneo/mesa-centro-italia/2.jpg,https://galpao-design-imagens.s3.us-east-1.amazonaws.com/brazil-contemporaneo/mesa-centro-italia/2.jpg,,previsto,LATEST,
1qExu91YAjthC9luGmJnFOepBmaJLVQNC,UDINE1 - BCO.jpg,LIVING/MESAS LATERAIS / APOIO/*MESAS LATERAIS/APOIO/UDINE1 - BCO.jpg,Brazil Contemporaneo,brazil-contemporaneo,Mesa Centro Udine,mesa-centro-udine,BCO,1,5783aaff31dc3f96da6b162c945c9a72,brazil-contemporaneo/mesa-centro-udine/1.jpg,https://galpao-design-imagens.s3.us-east-1.amazonaws.com/brazil-contemporaneo/mesa-centro-udine/1.jpg,,previsto,LATEST,
1rhN9NPpMG_8_kAGRgYngXkNOaNuIb8vg,UDINE2 - BCO.jpg,LIVING/MESAS LATERAIS / APOIO/*MESAS LATERAIS/APOIO/UDINE2 - BCO.jpg,Brazil Contemporaneo,brazil-contemporaneo,Mesa Centro Udine,mesa-centro-udine,BCO,2,7002303fa87109774717ebf2c3268134,brazil-contemporaneo/mesa-centro-udine/2.jpg,https://galpao-design-imagens.s3.us-east-1.amazonaws.com/brazil-contemporaneo/mesa-centro-udine/2.jpg,,previsto,LATEST,
1t_RP6vvO35TU6yOOfKrGygs-MmuDybXg,YUNES1 - BCO.jpg,LIVING/MESAS LATERAIS / APOIO/*MESAS LATERAIS/APOIO/YUNES1 - BCO.jpg,Brazil Contemporaneo,brazil-contemporaneo,"Mesa Lateral Yunes ""SOMENTE S/VIDRO""",mesa-lateral-yunes-somente-s-vidro,BCO,1,7ebebbb5c7f6f6059979d48bf4cae01b,brazil-contemporaneo/mesa-lateral-yunes-somente-s-vidro/1.jpg,https://galpao-design-imagens.s3.us-east-1.amazonaws.com/brazil-contemporaneo/mesa-lateral-yunes-somente-s-vidro/1.jpg,,previsto,LATEST,
1CYLMAkZCR4rRjOpIY9Rb4mjJMGEAIYQr,YUNES2 - BCO.jpg,LIVING/MESAS LATERAIS / APOIO/*MESAS LATERAIS/APOIO/YUNES2 - BCO.jpg,Brazil Contemporaneo,brazil-contemporaneo,"Mesa Lateral Yunes ""SOMENTE S/VIDRO""",mesa-lateral-yunes-somente-s-vidro,BCO,2,75970af0434344e16c6db7479b702d0e,brazil-contemporaneo/mesa-lateral-yunes-somente-s-vidro/2.jpg,https://galpao-design-imagens.s3.us-east-1.amazonaws.com/brazil-contemporaneo/mesa-lateral-yunes-somente-s-vidro/2.jpg,,previsto,LATEST,
1cm4pPRCYvbEc7Rml6yq562eycY13kq9P,LONDON1 - JAL.jpg,LIVING/MESAS DE CENTRO - GD/*MESAS DE CENTRO/LONDON1 - JAL.jpg,Sollos,sollos,MESA DE APOIO LONDON 01,mesa-de-apoio-london-01,JAL,1,544ce9ccae49844763fe271be24d69c7,sollos/mesa-de-apoio-london-01/1.jpg,https://galpao-design-imagens.s3.us-east-1.amazonaws.com/sollos/mesa-de-apoio-london-01/1.jpg,,previsto,LATEST,
1fZ1ukcwEnQjVBnRBDh0550SnIHQdXb2J,LONDON2 - JAL.jpg,LIVING/BUFFETS/*BUFFET/LONDON2 - JAL.jpg,Sollos,sollos,MESA DE APOIO LONDON 01,mesa-de-apoio-london-01,JAL,2,9185c1cc321424d1257a5d2ec83b30e2,sollos/mesa-de-apoio-london-01/2.jpg,https://galpao-design-imagens.s3.us-east-1.amazonaws.com/sollos/mesa-de-apoio-london-01/2.jpg,,previsto,LATEST,
1pJdRczdmU1gMJ-0eVC2ZKFN-1eiIXnk5,LONDON3 - JAL.jpg,LIVING/BUFFETS/*BUFFET/LONDON3 - JAL.jpg,Sollos,sollos,MESA DE APOIO LONDON 01,mesa-de-apoio-london-01,JAL,3,20d56b413dc349722a7a12fe6a0e29c6,sollos/mesa-de-apoio-london-01/3.jpg,https://galpao-design-imagens.s3.us-east-1.amazonaws.com/sollos/mesa-de-apoio-london-01/3.jpg,,previsto,LATEST,
12GwR68OnIBitDHlFqAF6ccj7U7In0aDJ,CHAN COM PORTAS1 - JAL.jpg,LIVING/APARADORES - GD/*APARADORES/CHAN COM PORTAS1 - JAL.jpg,Sollos,sollos,APARADOR CHAN COM PORTAS,aparador-chan-com-portas,JAL,1,5c502591ccbe39ec005083babfde28f6,sollos/aparador-chan-com-portas/1.jpg,https://galpao-design-imagens.s3.us-east-1.amazonaws.com/sollos/aparador-chan-com-portas/1.jpg,,previsto,LATEST,
1pJ4y0x5EQyqVKYSPLGP9krNI0FbAWlx0,CHAN1 - JAL.jpg,LIVING/BUFFETS/*BUFFET/CHAN1 - JAL.jpg,Sollos,sollos,APARADOR CHAN COM PORTAS,aparador-chan-com-portas,JAL,2,1605d409d2c865aa1aa0cd606027a122,sollos/aparador-chan-com-portas/2.jpg,https://galpao-design-imagens.s3.us-east-1.amazonaws.com/sollos/aparador-chan-com-portas/2.jpg,,previsto,LATEST,
1LTcfv4kK2iZg7vTzK4_AePOcx8EteAes,CHAN COM PORTAS2 - JAL.jpg,LIVING/APARADORES - GD/*APARADORES/CHAN COM PORTAS2 - JAL.jpg,Sollos,sollos,APARADOR CHAN COM PORTAS,aparador-chan-com-portas,JAL,3,7222d8c5fbc5cbc38c0a879215f1dfb7,sollos/aparador-chan-com-portas/3.jpg,https://galpao-design-imagens.s3.us-east-1.amazonaws.com/sollos/aparador-chan-com-portas/3.jpg,,previsto,LATEST,
1KAjg385be1IWgP2k03apKdynroCybY2R,MATRIZ1 - JAL.jpg,LIVING/SOFÁS - GD/*SOFÁS/MATRIZ1 - JAL.jpg,Sollos,sollos,MESA CENTRO MATRIZ,mesa-centro-matriz,JAL,1,50c29714cbc72a151b04f0f9ee3d066f,sollos/mesa-centro-matriz/1.jpg,https://galpao-design-imagens.s3.us-east-1.amazonaws.com/sollos/mesa-centro-matriz/1.jpg,,previsto,LATEST,
1CdrjHmdKeYU7hMbtSPFIfphuCdLRtVPx,MATRIZ2 - JAL.jpg,LIVING/SOFÁS - GD/*SOFÁS/MATRIZ2 - JAL.jpg,Sollos,sollos,MESA CENTRO MATRIZ,mesa-centro-matriz,JAL,2,26630648bd8745a8e8a45f1f7cbb4c86,sollos/mesa-centro-matriz/2.jpg,https://galpao-design-imagens.s3.us-east-1.amazonaws.com/sollos/mesa-centro-matriz/2.jpg,,previsto,LATEST,
1tnReb1Mtj_t94bIUopC1Wpq3BUVMvHur,MATRIZ3 - JAL.jpg,LIVING/SOFÁS - GD/*SOFÁS/MATRIZ3 - JAL.jpg,Sollos,sollos,MESA CENTRO MATRIZ,mesa-centro-matriz,JAL,3,a60633f0d4afaa26251f1b1d86c7463f,sollos/mesa-centro-matriz/3.jpg,https://galpao-design-imagens.s3.us-east-1.amazonaws.com/sollos/mesa-centro-matriz/3.jpg,,previsto,LATEST,
15dOUsT7IDNg4uG3EP38sxjBprCVg1tX8,WE1 - JAL.jpg,LIVING/BUFFETS/*BUFFET/WE1 - JAL.jpg,Sollos,sollos,BUFFET WE,buffet-we,JAL,1,fdf0703dcc9a3bf6ece2605b3e736fb6,sollos/buffet-we/1.jpg,https://galpao-design-imagens.s3.us-east-1.amazonaws.com/sollos/buffet-we/1.jpg,,previsto,LATEST,
1NDxnIb4MzFyXPKEx5sA1UJ2HmXrSlIwy,WE2 - JAL.jpg,LIVING/BUFFETS/*BUFFET/WE2 - JAL.jpg,Sollos,sollos,BUFFET WE,buffet-we,JAL,2,d98067634fb8f9b603b47d6cff83c14f,sollos/buffet-we/2.jpg,https://galpao-design-imagens.s3.us-east-1.amazonaws.com/sollos/buffet-we/2.jpg,,previsto,LATEST,
1c9Mw-u0t7pptrlcb6Tm8EL63LKAxCzTr,WE3 - JAL.jpg,LIVING/BUFFETS/*BUFFET/WE3 - JAL.jpg,Sollos,sollos,BUFFET WE,buffet-we,JAL,3,deecb894700ef60fb79d486d29f146c3,sollos/buffet-we/3.jpg,https://galpao-design-imagens.s3.us-east-1.amazonaws.com/sollos/buffet-we/3.jpg,,previsto,LATEST,
1M9T0RjCdlxl2Df35tSdwjByNOy-TIuM1,MATRIX1 - JAL.jpg,LIVING/APARADORES - GD/*APARADORES/MATRIX1 - JAL.jpg,Sollos,sollos,BANCO MATRIX,banco-matrix,JAL,1,5803524158f643f3fc02f3b0f27d5f29,sollos/banco-matrix/1.jpg,https://galpao-design-imagens.s3.us-east-1.amazonaws.com/sollos/banco-matrix/1.jpg,,previsto,LATEST,
1cKdzpdG2fddOJb5zjKTlmZ6AicHlhE6l,ELLE1 - JAL.jpg,LIVING/MESAS DE JANTAR - GD/*MESAS DE JANTAR/ELLE1 - JAL.jpg,Sollos,sollos,SISTEMA ELLE MOD. 04 [GE],sistema-elle-mod-04-ge,JAL,1,1b46b3a4e489a13caf4672d8a8e7101a,sollos/sistema-elle-mod-04-ge/1.jpg,https://galpao-design-imagens.s3.us-east-1.amazonaws.com/sollos/sistema-elle-mod-04-ge/1.jpg,,previsto,LATEST,
1EkMk17IUcHKlifJWmePmwdSkDzCZ1HHk,ELLE2 - JAL.jpg,LIVING/MESAS DE JANTAR - GD/*MESAS DE JANTAR/ELLE2 - JAL.jpg,Sollos,sollos,SISTEMA ELLE MOD. 04 [GE],sistema-elle-mod-04-ge,JAL,2,4f86717072e504aa8f05da5f623d9f13,sollos/sistema-elle-mod-04-ge/2.jpg,https://galpao-design-imagens.s3.us-east-1.amazonaws.com/sollos/sistema-elle-mod-04-ge/2.jpg,,previsto,LATEST,
1hDJ14GQz3pUTXyDu7ATMXxwmbAMMOUCy,MILLA1 - JAL.jpg,LIVING/APARADORES - GD/*APARADORES/MILLA1 - JAL.jpg,Sollos,sollos,ESCRIVANINHA MILLA,escrivaninha-milla,JAL,1,6e80ae99be1a01adb2fd5cd3e61cfbb8,sollos/escrivaninha-milla/1.jpg,https://galpao-design-imagens.s3.us-east-1.amazonaws.com/sollos/escrivaninha-milla/1.jpg,,previsto,LATEST,
1ZA1cy36VAP4yiI2EwVpK_Y-ZSG56451x,MILLA2 - JAL.jpg,LIVING/APARADORES - GD/*APARADORES/MILLA2 - JAL.jpg,Sollos,sollos,ESCRIVANINHA MILLA,escrivaninha-milla,JAL,2,c3325da4cae6e6425fa8b1faab15aad5,sollos/escrivaninha-milla/2.jpg,https://galpao-design-imagens.s3.us-east-1.amazonaws.com/sollos/escrivaninha-milla/2.jpg,,previsto,LATEST,
1425H0ktHsaZ57WgA0dqbykrt1dSFYp30,FRAME1 - JAL.jpg,LIVING/APARADORES - GD/*APARADORES/FRAME1 - JAL.jpg,Sollos,sollos,BASE CENTRO FRAME,base-centro-frame,JAL,1,78c911d56df950c4d85e9787e803efe8,sollos/base-centro-frame/1.jpg,https://galpao-design-imagens.s3.us-east-1.amazonaws.com/sollos/base-centro-frame/1.jpg,,previsto,LATEST,
1cGFzrtNreeZIyfo9Z-eJIySoLSivL6BH,FRAME2 - JAL.jpg,LIVING/MESAS DE JANTAR - GD/*MESAS DE JANTAR/FRAME2 - JAL.jpg,Sollos,sollos,BASE CENTRO FRAME,base-centro-frame,JAL,2,46bf6d55e077ed371689c093ce7bc67a,sollos/base-centro-frame/2.jpg,https://galpao-design-imagens.s3.us-east-1.amazonaws.com/sollos/base-centro-frame/2.jpg,,previsto,LATEST,
1CslYtiSTsIIHbGcP_hcqU633RmFo9bVE,USSÉ1 - BCO.jpg,LIVING/APARADORES - GD/*APARADORES/USSÉ1 - BCO.jpg,Brazil Contemporaneo,brazil-contemporaneo,Mesa Jantar Ussé,mesa-jantar-usse,BCO,1,7decbbd5d2c1a8f5fd5e98040f7a7a95,brazil-contemporaneo/mesa-jantar-usse/1.jpg,https://galpao-design-imagens.s3.us-east-1.amazonaws.com/brazil-contemporaneo/mesa-jantar-usse/1.jpg,,previsto,LATEST,
1fI1yRbDz_XZ3atzNSKIQBz616PUAkuKM,USSÉ2 - BCO.jpg,LIVING/APARADORES - GD/*APARADORES/USSÉ2 - BCO.jpg,Brazil Contemporaneo,brazil-contemporaneo,Mesa Jantar Ussé,mesa-jantar-usse,BCO,2,09364b419c17e692294e76ffc3d4483e,brazil-contemporaneo/mesa-jantar-usse/2.jpg,https://galpao-design-imagens.s3.us-east-1.amazonaws.com/brazil-contemporaneo/mesa-jantar-usse/2.jpg,,previsto,LATEST,
1SLslUQqyIKLYRjdX-NEJ_ono7tb-dFYa,RENE1 - BCO.jpg,LIVING/APARADORES - GD/*APARADORES/RENE1 - BCO.jpg,Brazil Contemporaneo,brazil-contemporaneo,Aparador Rene TP. Canto Garrafa,aparador-rene-tp-canto-garrafa,BCO,1,2fa646d338051851ca9fff2a8ca1f977,brazil-contemporaneo/aparador-rene-tp-canto-garrafa/1.jpg,https://galpao-design-imagens.s3.us-east-1.amazonaws.com/brazil-contemporaneo/aparador-rene-tp-canto-garrafa/1.jpg,,previsto,LATEST,
1wIW8hocWFvds7-cCVIzpKoaCfr_Cs-7c,RENE2 - BCO.jpg,LIVING/APARADORES - GD/*APARADORES/RENE2 - BCO.jpg,Brazil Contemporaneo,brazil-contemporaneo,Aparador Rene TP. Canto Garrafa,aparador-rene-tp-canto-garrafa,BCO,2,7871f0395857965dc4285809d7f95959,brazil-contemporaneo/aparador-rene-tp-canto-garrafa/2.jpg,https://galpao-design-imagens.s3.us-east-1.amazonaws.com/brazil-contemporaneo/aparador-rene-tp-canto-garrafa/2.jpg,,previsto,LATEST,
14wj0mYfzZ0LiTDu5XFb4Uf515DpDYRxd,BADEN1 - BCO.jpg,LIVING/APARADORES - GD/*APARADORES/BADEN1 - BCO.jpg,Brazil Contemporaneo,brazil-contemporaneo,"Buffet Baden ,pés de metal",buffet-baden-pes-de-metal,BCO,1,44371831e665eb11d11185233e617438,brazil-contemporaneo/buffet-baden-pes-de-metal/1.jpg,https://galpao-design-imagens.s3.us-east-1.amazonaws.com/brazil-contemporaneo/buffet-baden-pes-de-metal/1.jpg,,previsto,LATEST,
1XU3aVWAnFbgJHk1WmlgTelLA4-V_gn2f,MADAGASCAR1 - BCO.jpg,LIVING/APARADORES - GD/*APARADORES/MADAGASCAR1 - BCO.jpg,Brazil Contemporaneo,brazil-contemporaneo,"Aparador Madagascar , pés metal;",aparador-madagascar-pes-metal,BCO,1,d537b35361eed453546e0119b5f5706b,brazil-contemporaneo/aparador-madagascar-pes-metal/1.jpg,https://galpao-design-imagens.s3.us-east-1.amazonaws.com/brazil-contemporaneo/aparador-madagascar-pes-metal/1.jpg,,previsto,LATEST,
13RoVhHnCngzrRj5-1HxEi6KGTGTLNRhN,MADAGASCAR2 - BCO.jpg,LIVING/APARADORES - GD/*APARADORES/MADAGASCAR2 - BCO.jpg,Brazil Contemporaneo,brazil-contemporaneo,"Aparador Madagascar , pés metal;",aparador-madagascar-pes-metal,BCO,2,debe69e0f973f0d94c9f4f49168a9ed1,brazil-contemporaneo/aparador-madagascar-pes-metal/2.jpg,https://galpao-design-imagens.s3.us-east-1.amazonaws.com/brazil-contemporaneo/aparador-madagascar-pes-metal/2.jpg,,previsto,LATEST,
1C4Ix8pydhnAr0mKqghO-64crR6lVONwk,AIR1 - JAL.jpg,LIVING/APARADORES - GD/*APARADORES/AIR1 - JAL.jpg,Sollos,sollos,MESA DE CENTRO AIR,mesa-de-centro-air,JAL,1,fc26a020aa925e0cfd840af5e56d11ff,sollos/mesa-de-centro-air/1.jpg,https://galpao-design-imagens.s3.us-east-1.amazonaws.com/sollos/mesa-de-centro-air/1.jpg,,previsto,LATEST,
1PxGdH7LpkZBeTqHxye3SEsVjl9TqTdBQ,AIR2 - JAL.jpg,LIVING/APARADORES - GD/*APARADORES/AIR2 - JAL.jpg,Sollos,sollos,MESA DE CENTRO AIR,mesa-de-centro-air,JAL,2,9dbf8bfc0788c0a4a39bacfb633b7614,sollos/mesa-de-centro-air/2.jpg,https://galpao-design-imagens.s3.us-east-1.amazonaws.com/sollos/mesa-de-centro-air/2.jpg,,previsto,LATEST,
1amcKS06no_5_QD0xoxwcv-OMqNWVqO6R,AIR3 - JAL.jpg,LIVING/APARADORES - GD/*APARADORES/AIR3 - JAL.jpg,Sollos,sollos,MESA DE CENTRO AIR,mesa-de-centro-air,JAL,3,dbe8fae97124ca61840fc7e376ebc730,sollos/mesa-de-centro-air/3.jpg,https://galpao-design-imagens.s3.us-east-1.amazonaws.com/sollos/mesa-de-centro-air/3.jpg,,previsto,LATEST,
18z7UnF5gnn6Y1_Y_uq4tLKg81tfxMTkO,JOY GIRATÓRIA1 - JAL.jpg,LIVING/BANCOS E BANQUETAS - GD/*BANQUETAS/JOY GIRATÓRIA1 - JAL.jpg,Sollos,sollos,BANQUETA JOY GIRATÓRIA,banqueta-joy-giratoria,JAL,1,80ea4f429b4f8b432295042329a3988f,sollos/banqueta-joy-giratoria/1.jpg,https://galpao-design-imagens.s3.us-east-1.amazonaws.com/sollos/banqueta-joy-giratoria/1.jpg,,previsto,LATEST,
1AVTkrSkTC25HhkghcfaLqDxBqj6Ddc4T,JOY1 - JAL.jpg,LIVING/POLTRONAS - GD/*POLTRONAS/JOY1 - JAL.jpg,Sollos,sollos,BANQUETA JOY GIRATÓRIA,banqueta-joy-giratoria,JAL,2,4eb6c7939ac3706bfbadd0a246f26933,sollos/banqueta-joy-giratoria/2.jpg,https://galpao-design-imagens.s3.us-east-1.amazonaws.com/sollos/banqueta-joy-giratoria/2.jpg,,previsto,LATEST,
1eLm8d3zOaHhBGiMpgiUwLCjHIGGPQju1,JOY2 - JAL.jpeg,LIVING/BANCOS E BANQUETAS - GD/*BANQUETAS/JOY2 - JAL.jpeg,Sollos,sollos,BANQUETA JOY GIRATÓRIA,banqueta-joy-giratoria,JAL,3,f4adad5c0cd28d0909a750934bcded67,sollos/banqueta-joy-giratoria/3.jpg,https://galpao-design-imagens.s3.us-east-1.amazonaws.com/sollos/banqueta-joy-giratoria/3.jpg,,previsto,LATEST,
1y-hewoQTodCXJKqK_VbWBpR3XgWCzgaA,JOY2 - JAL.jpg,LIVING/CADEIRAS - GD/*CADEIRAS/JOY2 - JAL.jpg,Sollos,sollos,BANQUETA JOY GIRATÓRIA,banqueta-joy-giratoria,JAL,4,c11ffdb647d0698cae26c55df117f799,sollos/banqueta-joy-giratoria/4.jpg,https://galpao-design-imagens.s3.us-east-1.amazonaws.com/sollos/banqueta-joy-giratoria/4.jpg,,previsto,LATEST,
1S7bRmUpVkXkYrKhwRpnZeoM2wpJxQSi4,JOY3 - JAL.jpeg,LIVING/BANCOS E BANQUETAS - GD/*BANQUETAS/JOY3 - JAL.jpeg,Sollos,sollos,BANQUETA JOY GIRATÓRIA,banqueta-joy-giratoria,JAL,5,0247940936097558aaef7cae4efcd476,sollos/banqueta-joy-giratoria/5.jpg,https://galpao-design-imagens.s3.us-east-1.amazonaws.com/sollos/banqueta-joy-giratoria/5.jpg,,previsto,LATEST,
10UV0Es3jdv1JXQGf9wzqNDUhEEUrNmGk,JOY3 - JAL.jpg,LIVING/CADEIRAS - GD/*CADEIRAS/JOY3 - JAL.jpg,Sollos,sollos,BANQUETA JOY GIRATÓRIA,banqueta-joy-giratoria,JAL,6,17e6b8328ec08d4f6f1497296f30b8cd,sollos/banqueta-joy-giratoria/6.jpg,https://galpao-design-imagens.s3.us-east-1.amazonaws.com/sollos/banqueta-joy-giratoria/6.jpg,,previsto,LATEST,
1w6DSR-dJzCOZZQq9jt0pg2MpEpWnfRka,JOY4 - JAL.jpg,LIVING/CADEIRAS - GD/*CADEIRAS/JOY4 - JAL.jpg,Sollos,sollos,BANQUETA JOY GIRATÓRIA,banqueta-joy-giratoria,JAL,7,acd36ba9fa10d6c9970c0079a41cea3c,sollos/banqueta-joy-giratoria/7.jpg,https://galpao-design-imagens.s3.us-east-1.amazonaws.com/sollos/banqueta-joy-giratoria/7.jpg,,previsto,LATEST,
130SdjJHmfKw8wNimLJXtIqYhCKOUsM6k,JOY5 - JAL.jpg,LIVING/CADEIRAS - GD/*CADEIRAS/JOY5 - JAL.jpg,Sollos,sollos,BANQUETA JOY GIRATÓRIA,banqueta-joy-giratoria,JAL,8,2bd6561f31880b55afbac098d5af682e,sollos/banqueta-joy-giratoria/8.jpg,https://galpao-design-imagens.s3.us-east-1.amazonaws.com/sollos/banqueta-joy-giratoria/8.jpg,,previsto,LATEST,
1U7YmyNB148dBR-Jmba8431CSsvIkhIDc,DINNA1 - JAL.jpg,LIVING/CADEIRAS - GD/*CADEIRAS/DINNA1 - JAL.jpg,Sollos,sollos,BANQUETA DINNA 102 E/P,banqueta-dinna-102-e-p,JAL,1,af33b1e7bb2643b5f5d120d711784710,sollos/banqueta-dinna-102-e-p/1.jpg,https://galpao-design-imagens.s3.us-east-1.amazonaws.com/sollos/banqueta-dinna-102-e-p/1.jpg,,previsto,LATEST,
1uWAn3Y8hDJjnop2p1nRP_jpc4stuNnJ2,DINNA2 - JAL (1).jpg,LIVING/CADEIRAS - GD/*CADEIRAS/DINNA2 - JAL (1).jpg,Sollos,sollos,BANQUETA DINNA 102 E/P,banqueta-dinna-102-e-p,JAL,2,02ce68ff00a2bc8c4f6b181886cea9fd,sollos/banqueta-dinna-102-e-p/2.jpg,https://galpao-design-imagens.s3.us-east-1.amazonaws.com/sollos/banqueta-dinna-102-e-p/2.jpg,,previsto,LATEST,
1FckOiLZj53iiF87NndruNCSFsZCxh7Kl,DINNA2 - JAL.jpg,LIVING/BANCOS E BANQUETAS - GD/*BANQUETAS/DINNA2 - JAL.jpg,Sollos,sollos,BANQUETA DINNA 102 E/P,banqueta-dinna-102-e-p,JAL,3,e1ebc00e892d83ed8139c9db2fa0582d,sollos/banqueta-dinna-102-e-p/3.jpg,https://galpao-design-imagens.s3.us-east-1.amazonaws.com/sollos/banqueta-dinna-102-e-p/3.jpg,,previsto,LATEST,
1sk7h-NtcIk4tff7zBVX9-SnuvsQGoR6J,DINNA3 - JAL.jpg,LIVING/CADEIRAS - GD/*CADEIRAS/DINNA3 - JAL.jpg,Sollos,sollos,BANQUETA DINNA 102 E/P,banqueta-dinna-102-e-p,JAL,4,280ac256ca9ba4c460892c94364ada07,sollos/banqueta-dinna-102-e-p/4.jpg,https://galpao-design-imagens.s3.us-east-1.amazonaws.com/sollos/banqueta-dinna-102-e-p/4.jpg,,previsto,LATEST,
15yetoTGKrBva-cSSIARP_Ty1G2Vi5BJ4,PHILLIPS - JAL.jpeg,LIVING/BANCOS E BANQUETAS - GD/PHILLIPS - JAL.jpeg,Sollos,sollos,BANCO PHILLIPS ASSENTO MDF ESTOFADO,banco-phillips-assento-mdf-estofado,JAL,1,0bda25eea8dcf69d5db79eb3090829c2,sollos/banco-phillips-assento-mdf-estofado/1.jpg,https://galpao-design-imagens.s3.us-east-1.amazonaws.com/sollos/banco-phillips-assento-mdf-estofado/1.jpg,,previsto,LATEST,
1IPgxglb47C4Ydp3_FOjtPFPrj56ydh6z,PHILLIPS1 - JAL.jpg,LIVING/BANCOS E BANQUETAS - GD/*BANQUETAS/PHILLIPS1 - JAL.jpg,Sollos,sollos,BANCO PHILLIPS ASSENTO MDF ESTOFADO,banco-phillips-assento-mdf-estofado,JAL,2,0bedf2ed4af0924ca237458ed5f57738,sollos/banco-phillips-assento-mdf-estofado/2.jpg,https://galpao-design-imagens.s3.us-east-1.amazonaws.com/sollos/banco-phillips-assento-mdf-estofado/2.jpg,,previsto,LATEST,
1llPcXCtE3vBKMp3ZuSsTZxWOacqI99uf,PHILLIPS2 - JAL.jpeg,LIVING/BANCOS E BANQUETAS - GD/PHILLIPS2 - JAL.jpeg,Sollos,sollos,BANCO PHILLIPS ASSENTO MDF ESTOFADO,banco-phillips-assento-mdf-estofado,JAL,3,a06da52979a9ad58ac0c19617167d2f8,sollos/banco-phillips-assento-mdf-estofado/3.jpg,https://galpao-design-imagens.s3.us-east-1.amazonaws.com/sollos/banco-phillips-assento-mdf-estofado/3.jpg,,previsto,LATEST,
1cItson_PtLzjoSrQ2FWlPljHI9pBmLn3,PHILLIPS2 - JAL.jpg,LIVING/BANCOS E BANQUETAS - GD/*BANCOS/PHILLIPS2 - JAL.jpg,Sollos,sollos,BANCO PHILLIPS ASSENTO MDF ESTOFADO,banco-phillips-assento-mdf-estofado,JAL,4,93250b0ac2996925ee162e01a9b6bd96,sollos/banco-phillips-assento-mdf-estofado/4.jpg,https://galpao-design-imagens.s3.us-east-1.amazonaws.com/sollos/banco-phillips-assento-mdf-estofado/4.jpg,,previsto,LATEST,
1XraMz0lbazOlmQ4VZ5PVyR0V1HYiNib4,PHILLIPS3 - JAL.jpeg,LIVING/BANCOS E BANQUETAS - GD/PHILLIPS3 - JAL.jpeg,Sollos,sollos,BANCO PHILLIPS ASSENTO MDF ESTOFADO,banco-phillips-assento-mdf-estofado,JAL,5,7f71c3aa82070647969e365b81a9cc14,sollos/banco-phillips-assento-mdf-estofado/5.jpg,https://galpao-design-imagens.s3.us-east-1.amazonaws.com/sollos/banco-phillips-assento-mdf-estofado/5.jpg,,previsto,LATEST,
1Gd2P13Mbv8opghzw_hYy4Q6YOghR7S5s,PHILLIPS3 - JAL.jpg,LIVING/BANCOS E BANQUETAS - GD/*BANCOS/PHILLIPS3 - JAL.jpg,Sollos,sollos,BANCO PHILLIPS ASSENTO MDF ESTOFADO,banco-phillips-assento-mdf-estofado,JAL,6,12c2adcd0593e5cc7ecd1c957e3c6f87,sollos/banco-phillips-assento-mdf-estofado/6.jpg,https://galpao-design-imagens.s3.us-east-1.amazonaws.com/sollos/banco-phillips-assento-mdf-estofado/6.jpg,,previsto,LATEST,
13ZrsiXTOgGFchyuGa1DIXDlotNwFMsgA,PHILLIPS4 - JAL.jpg,LIVING/BANCOS E BANQUETAS - GD/*BANCOS/PHILLIPS4 - JAL.jpg,Sollos,sollos,BANCO PHILLIPS ASSENTO MDF ESTOFADO,banco-phillips-assento-mdf-estofado,JAL,7,41886ec937967f7c45c683130176c19e,sollos/banco-phillips-assento-mdf-estofado/7.jpg,https://galpao-design-imagens.s3.us-east-1.amazonaws.com/sollos/banco-phillips-assento-mdf-estofado/7.jpg,,previsto,LATEST,
1DJurKfP2jTBhBBaxh_DYKoNdETmiQGbp,PRIMA1 - JAL.jpg,LIVING/BANCOS E BANQUETAS - GD/*BANQUETAS/PRIMA1 - JAL.jpg,Sollos,sollos,BANQUETA PRIMA,banqueta-prima,JAL,1,4afe46e8a1c2ceea4f99234322245fde,sollos/banqueta-prima/1.jpg,https://galpao-design-imagens.s3.us-east-1.amazonaws.com/sollos/banqueta-prima/1.jpg,,previsto,LATEST,
10wVF42gQdUODPTv1nKcjGIhKYs2oWnDQ,ANNA1 - JAL.jpg,LIVING/POLTRONAS - GD/*POLTRONAS/ANNA1 - JAL.jpg,Sollos,sollos,BANQUETA ANNA VERSÃO 02,banqueta-anna-versao-02,JAL,1,d9fdf6acb1aced37c1cb4e380fed076c,sollos/banqueta-anna-versao-02/1.jpg,https://galpao-design-imagens.s3.us-east-1.amazonaws.com/sollos/banqueta-anna-versao-02/1.jpg,,previsto,LATEST,
1T6ezc8MoQYCyz8Q3mdo3da-Q3kLvQzZr,ANNA2 - JAL.jpg,LIVING/POLTRONAS - GD/*POLTRONAS/ANNA2 - JAL.jpg,Sollos,sollos,BANQUETA ANNA VERSÃO 02,banqueta-anna-versao-02,JAL,2,dfd53e094255e5709815f4524a6f6865,sollos/banqueta-anna-versao-02/2.jpg,https://galpao-design-imagens.s3.us-east-1.amazonaws.com/sollos/banqueta-anna-versao-02/2.jpg,,previsto,LATEST,
1TYdBQBp8QtzIs3PfcnVhwIGPK7S-58zU,PLATTA1 - JAL.jpg,LIVING/BANCOS E BANQUETAS - GD/*BANQUETAS/PLATTA1 - JAL.jpg,Sollos,sollos,BANQUETA PLATTA,banqueta-platta,JAL,1,152398830a1548d414efc83177934cde,sollos/banqueta-platta/1.jpg,https://galpao-design-imagens.s3.us-east-1.amazonaws.com/sollos/banqueta-platta/1.jpg,,previsto,LATEST,
1YGwM4Knyai3de8sd2m0qAQjzS79BGiu-,PLATTA2 - JAL.jpg,LIVING/BANCOS E BANQUETAS - GD/*BANQUETAS/PLATTA2 - JAL.jpg,Sollos,sollos,BANQUETA PLATTA,banqueta-platta,JAL,2,c6737875087a4093a178e02f914f3da1,sollos/banqueta-platta/2.jpg,https://galpao-design-imagens.s3.us-east-1.amazonaws.com/sollos/banqueta-platta/2.jpg,,previsto,LATEST,
1YZRdzCmiaD_B_JFWJQBl4RWa2nypM7Gv,BOSSA1 - JAL.jpg,LIVING/POLTRONAS - GD/*POLTRONAS/BOSSA1 - JAL.jpg,Sollos,sollos,POLTRONA BOSSA - E/P,poltrona-bossa-e-p,JAL,1,deabfb21240267f30286f736a93f04cd,sollos/poltrona-bossa-e-p/1.jpg,https://galpao-design-imagens.s3.us-east-1.amazonaws.com/sollos/poltrona-bossa-e-p/1.jpg,,previsto,LATEST,
125grvtXklZ0--vGHElA3xjmPzjgdPf8e,BOSSA2 - JAL.jpg,LIVING/BANCOS E BANQUETAS - GD/*BANQUETAS/BOSSA2 - JAL.jpg,Sollos,sollos,POLTRONA BOSSA - E/P,poltrona-bossa-e-p,JAL,2,a0d038549bb88a1d16b5e0ac83fd7840,sollos/poltrona-bossa-e-p/2.jpg,https://galpao-design-imagens.s3.us-east-1.amazonaws.com/sollos/poltrona-bossa-e-p/2.jpg,,previsto,LATEST,
1XjTo2JvgC-H_86qa5GBHMvCTncZKY1M1,CLAIRE1 - JAL.jpg,LIVING/BANCOS E BANQUETAS - GD/*BANQUETAS/CLAIRE1 - JAL.jpg,Sollos,sollos,BANQUETA CLAIRE,banqueta-claire,JAL,1,f3904818f54401a45f62cb843c861093,sollos/banqueta-claire/1.jpg,https://galpao-design-imagens.s3.us-east-1.amazonaws.com/sollos/banqueta-claire/1.jpg,,previsto,LATEST,
1vmmSK82wwimPk_tDd-5L-znxfOmXHg5v,MANDACARU1 - RBA.jpg,LIVING/BANCOS E BANQUETAS - GD/*BANCOS/MANDACARU1 - RBA.jpg,Roberta Banqueri,roberta-banqueri,MANDACARU,mandacaru,RBA,1,b20c4eabc57b079702e62d87fab06a87,roberta-banqueri/mandacaru/1.jpg,https://galpao-design-imagens.s3.us-east-1.amazonaws.com/roberta-banqueri/mandacaru/1.jpg,,previsto,LATEST,
1_-bZ_e-zChR0VFxtuG9HLl_ajKplCmXF,MANDACARU2 - RBA.jpeg,LIVING/BANCOS E BANQUETAS - GD/*BANCOS/MANDACARU2 - RBA.jpeg,Roberta Banqueri,roberta-banqueri,MANDACARU,mandacaru,RBA,2,56b24d62097ac320ca567ca973e0e3c1,roberta-banqueri/mandacaru/2.jpg,https://galpao-design-imagens.s3.us-east-1.amazonaws.com/roberta-banqueri/mandacaru/2.jpg,,previsto,LATEST,
13jl3ffAaqvhf6Wf4YQbuMmnhlzM_wT6A,MANDACARU3 - RBA.jpeg,LIVING/BANCOS E BANQUETAS - GD/*BANCOS/MANDACARU3 - RBA.jpeg,Roberta Banqueri,roberta-banqueri,MANDACARU,mandacaru,RBA,3,c46a58bf912c96039188a9f3312180a2,roberta-banqueri/mandacaru/3.jpg,https://galpao-design-imagens.s3.us-east-1.amazonaws.com/roberta-banqueri/mandacaru/3.jpg,,previsto,LATEST,
1PkBWkZVVPxjKpiUQMTKwueTASGHNdfyf,MANDACARU4 - RBA.jpg,LIVING/BANCOS E BANQUETAS - GD/*BANCOS/MANDACARU4 - RBA.jpg,Roberta Banqueri,roberta-banqueri,MANDACARU,mandacaru,RBA,4,f741e9dc47b75c19dac5333f3bce2544,roberta-banqueri/mandacaru/4.jpg,https://galpao-design-imagens.s3.us-east-1.amazonaws.com/roberta-banqueri/mandacaru/4.jpg,,previsto,LATEST,
1c9A83xC4hnN7RnYz4jJONEO7bRseR4pz,U1 - JAL.jpg,LIVING/BANCOS E BANQUETAS - GD/*BANCOS/U1 - JAL.jpg,Sollos,sollos,MESA CENTRO U,mesa-centro-u,JAL,1,0cefb707e436cd55cad2203242250a0e,sollos/mesa-centro-u/1.jpg,https://galpao-design-imagens.s3.us-east-1.amazonaws.com/sollos/mesa-centro-u/1.jpg,,previsto,LATEST,
13zQi0nyeUDfZjqrFSrG05-7OUKGXB6SU,MARK1 - JAL.jpg,LIVING/BANCOS E BANQUETAS - GD/*BANCOS/MARK1 - JAL.jpg,Sollos,sollos,BANCO MARK,banco-mark,JAL,1,f4a6a58bc50a00f47e6820b9a54d629e,sollos/banco-mark/1.jpg,https://galpao-design-imagens.s3.us-east-1.amazonaws.com/sollos/banco-mark/1.jpg,,previsto,LATEST,
1OOpvF_zPRnw4xxnaMteUAYBQFkkI2NfE,MARK2 - JAL.jpeg,LIVING/BANCOS E BANQUETAS - GD/*BANCOS/MARK2 - JAL.jpeg,Sollos,sollos,BANCO MARK,banco-mark,JAL,2,62403161f37294bc54486ffde16b81a2,sollos/banco-mark/2.jpg,https://galpao-design-imagens.s3.us-east-1.amazonaws.com/sollos/banco-mark/2.jpg,,previsto,LATEST,
14e6HKNa8wln41nxUQ4ZIbwIzKkjtoOaK,MARK3 - JAL.jpg,LIVING/BANCOS E BANQUETAS - GD/*BANCOS/MARK3 - JAL.jpg,Sollos,sollos,BANCO MARK,banco-mark,JAL,3,29d596338db9c81dc174fab6b4338d70,sollos/banco-mark/3.jpg,https://galpao-design-imagens.s3.us-east-1.amazonaws.com/sollos/banco-mark/3.jpg,,previsto,LATEST,
16k4UhkgldLiAR-z22zeZRT72t97C_fwt,CHEIG1 - JAL.jpg,LIVING/BANCOS E BANQUETAS - GD/*BANCOS/CHEIG1 - JAL.jpg,Sollos,sollos,PUFF CHEIG,puff-cheig,JAL,1,64c9e43601e1c85065dd1691b529adb1,sollos/puff-cheig/1.jpg,https://galpao-design-imagens.s3.us-east-1.amazonaws.com/sollos/puff-cheig/1.jpg,,previsto,LATEST,
1LjBbLf0MOpcp8XusuSyV6yiMXlm2npxg,CHEIG2 - JAL.jpg,LIVING/BANCOS E BANQUETAS - GD/*BANCOS/CHEIG2 - JAL.jpg,Sollos,sollos,PUFF CHEIG,puff-cheig,JAL,2,1e1c6b8bc4a1b714f0c70ec0a80f6bb8,sollos/puff-cheig/2.jpg,https://galpao-design-imagens.s3.us-east-1.amazonaws.com/sollos/puff-cheig/2.jpg,,previsto,LATEST,
15ZPOmnxNEGzlH_nuw08iz1oF7MJy4wLV,LIPSIA1 - BCO.jpg,LIVING/MESAS DE CENTRO - GD/*MESAS DE CENTRO/LIPSIA1 - BCO.jpg,Brazil Contemporaneo,brazil-contemporaneo,"Mesa Centro Lipsia Redonda ""SOMENTE S/VIDRO""",mesa-centro-lipsia-redonda-somente-s-vidro,BCO,1,699d9758eac711d4c0570fc164353ba3,brazil-contemporaneo/mesa-centro-lipsia-redonda-somente-s-vidro/1.jpg,https://galpao-design-imagens.s3.us-east-1.amazonaws.com/brazil-contemporaneo/mesa-centro-lipsia-redonda-somente-s-vidro/1.jpg,,previsto,LATEST,
1dEg_9bZX2b7ck8EI6UYBIsSnt1DrwhG4,LIPSIA2 - BCO.jpg,LIVING/MESAS DE CENTRO - GD/*MESAS DE CENTRO/LIPSIA2 - BCO.jpg,Brazil Contemporaneo,brazil-contemporaneo,"Mesa Centro Lipsia Redonda ""SOMENTE S/VIDRO""",mesa-centro-lipsia-redonda-somente-s-vidro,BCO,2,adbfe38f50ad8031dba6aef4e4892514,brazil-contemporaneo/mesa-centro-lipsia-redonda-somente-s-vidro/2.jpg,https://galpao-design-imagens.s3.us-east-1.amazonaws.com/brazil-contemporaneo/mesa-centro-lipsia-redonda-somente-s-vidro/2.jpg,,previsto,LATEST,
1Dgc-dJZ3N0mm_n1I37nMzNPWcfqa_f-u,ARIS1 - JAL.jpg,LIVING/MESAS DE JANTAR - GD/*MESAS DE JANTAR/ARIS1 - JAL.jpg,Sollos,sollos,MESA JANTAR ARIS TAMPO MÁRMORE,mesa-jantar-aris-tampo-marmore,JAL,1,a615cf982bf9a60b555d789e755cec05,sollos/mesa-jantar-aris-tampo-marmore/1.jpg,https://galpao-design-imagens.s3.us-east-1.amazonaws.com/sollos/mesa-jantar-aris-tampo-marmore/1.jpg,,previsto,LATEST,
1TjYhI3G-Xm22_slGkht3OHpQWmzqda6Y,ARIS2 - JAL.jpg,LIVING/MESAS DE JANTAR - GD/*MESAS DE JANTAR/ARIS2 - JAL.jpg,Sollos,sollos,MESA JANTAR ARIS TAMPO MÁRMORE,mesa-jantar-aris-tampo-marmore,JAL,2,1715170043c432353ffa2a2528316471,sollos/mesa-jantar-aris-tampo-marmore/2.jpg,https://galpao-design-imagens.s3.us-east-1.amazonaws.com/sollos/mesa-jantar-aris-tampo-marmore/2.jpg,,previsto,LATEST,
1-gWmHhXMJnlxGGkKXQSxxkxjCtIdpeMI,ARIS3 - JAL.jpg,LIVING/MESAS DE JANTAR - GD/*MESAS DE JANTAR/ARIS3 - JAL.jpg,Sollos,sollos,MESA JANTAR ARIS TAMPO MÁRMORE,mesa-jantar-aris-tampo-marmore,JAL,3,a0a031e775dd355814c7eed964795fe9,sollos/mesa-jantar-aris-tampo-marmore/3.jpg,https://galpao-design-imagens.s3.us-east-1.amazonaws.com/sollos/mesa-jantar-aris-tampo-marmore/3.jpg,,previsto,LATEST,
1DuZbTSqWTxJ7lSL3uw_rq4Y8ZV5QO61S,LODD1 - JAL.jpg,LIVING/MESAS DE JANTAR - GD/*MESAS DE JANTAR/LODD1 - JAL.jpg,Sollos,sollos,MESA DE APOIO LODD,mesa-de-apoio-lodd,JAL,1,eac9244586d174e883115767cf7ec2d9,sollos/mesa-de-apoio-lodd/1.jpg,https://galpao-design-imagens.s3.us-east-1.amazonaws.com/sollos/mesa-de-apoio-lodd/1.jpg,,previsto,LATEST,
1sCrYum6IRfr_btejT9aQ73Ldmd_rxyex,LODD2 - JAL.jpg,LIVING/MESAS DE JANTAR - GD/*MESAS DE JANTAR/LODD2 - JAL.jpg,Sollos,sollos,MESA DE APOIO LODD,mesa-de-apoio-lodd,JAL,2,83e59e10397f79dfe89d9212ff9869f8,sollos/mesa-de-apoio-lodd/2.jpg,https://galpao-design-imagens.s3.us-east-1.amazonaws.com/sollos/mesa-de-apoio-lodd/2.jpg,,previsto,LATEST,
1rmXEtmsD92eiWxF2WAU_MraA9IA5n7SL,VERONA1 - BCO.jpeg,LIVING/MESAS DE JANTAR - GD/*MESAS DE JANTAR/VERONA1 - BCO.jpeg,Brazil Contemporaneo,brazil-contemporaneo,"Mesa Jantar Verona ""Base Somente Textura Concreto""",mesa-jantar-verona-base-somente-textura-concreto,BCO,1,78097b822a7be38ace5e9ef30f37e19a,brazil-contemporaneo/mesa-jantar-verona-base-somente-textura-concreto/1.jpg,https://galpao-design-imagens.s3.us-east-1.amazonaws.com/brazil-contemporaneo/mesa-jantar-verona-base-somente-textura-concreto/1.jpg,,previsto,LATEST,
1jMgPupCEEzO73AWcaUiYPLU5EcWAneVL,VERONA2 - BCO.jpg,LIVING/MESAS DE JANTAR - GD/*MESAS DE JANTAR/VERONA2 - BCO.jpg,Brazil Contemporaneo,brazil-contemporaneo,"Mesa Jantar Verona ""Base Somente Textura Concreto""",mesa-jantar-verona-base-somente-textura-concreto,BCO,2,31e1a87a2323b58556f066926d6dfa8b,brazil-contemporaneo/mesa-jantar-verona-base-somente-textura-concreto/2.jpg,https://galpao-design-imagens.s3.us-east-1.amazonaws.com/brazil-contemporaneo/mesa-jantar-verona-base-somente-textura-concreto/2.jpg,,previsto,LATEST,
1OnRXf4X6ynWpj6WrvD72sgXsg-5d2jad,BELIZE1 - BCO.jpg,LIVING/MESAS DE JANTAR - GD/*MESAS DE JANTAR/BELIZE1 - BCO.jpg,Brazil Contemporaneo,brazil-contemporaneo,Base Mesa Jantar Belize para tampo de Mármore,base-mesa-jantar-belize-para-tampo-de-marmore,BCO,1,71b7d74cd64fff556bbeb4ee4607a562,brazil-contemporaneo/base-mesa-jantar-belize-para-tampo-de-marmore/1.jpg,https://galpao-design-imagens.s3.us-east-1.amazonaws.com/brazil-contemporaneo/base-mesa-jantar-belize-para-tampo-de-marmore/1.jpg,,previsto,LATEST,
1D6pvqNabqCs_vnniWPjC9uxxz0h2ByNm,BELIZE2 - BCO.jpg,LIVING/MESAS DE JANTAR - GD/*MESAS DE JANTAR/BELIZE2 - BCO.jpg,Brazil Contemporaneo,brazil-contemporaneo,Base Mesa Jantar Belize para tampo de Mármore,base-mesa-jantar-belize-para-tampo-de-marmore,BCO,2,d5531aab9c357c8d65c6b543f8913aa3,brazil-contemporaneo/base-mesa-jantar-belize-para-tampo-de-marmore/2.jpg,https://galpao-design-imagens.s3.us-east-1.amazonaws.com/brazil-contemporaneo/base-mesa-jantar-belize-para-tampo-de-marmore/2.jpg,,previsto,LATEST,
1H6yMiNm8mG0nKbjeOJ16wmSOxWZJaLyw,DAFF1 - JAL.jpg,LIVING/POLTRONAS - GD/*POLTRONAS/DAFF1 - JAL.jpg,Sollos,sollos,• Poltrona Daff,poltrona-daff,JAL,1,772032cbbb7d2f7081f0cdd6313ed06d,sollos/poltrona-daff/1.jpg,https://galpao-design-imagens.s3.us-east-1.amazonaws.com/sollos/poltrona-daff/1.jpg,,previsto,LATEST,
1EcdNvEhvt49SmPCdpHaB_MtRnuaKyDip,DAFF2 - JAL.jpeg,LIVING/POLTRONAS - GD/POR MARCAS/JADER ALMEIDA/DAFF2 - JAL.jpeg,Sollos,sollos,• Poltrona Daff,poltrona-daff,JAL,2,ea28aca47d5af569366bd3ede5a2c91c,sollos/poltrona-daff/2.jpg,https://galpao-design-imagens.s3.us-east-1.amazonaws.com/sollos/poltrona-daff/2.jpg,,previsto,LATEST,
1x9aPCYq92sq2BNq0EspTYaffrUB9yDwN,DAFF3 - JAL.jpg,LIVING/POLTRONAS - GD/*POLTRONAS/DAFF3 - JAL.jpg,Sollos,sollos,• Poltrona Daff,poltrona-daff,JAL,3,7e0567e376e872983d75165119db2a27,sollos/poltrona-daff/3.jpg,https://galpao-design-imagens.s3.us-east-1.amazonaws.com/sollos/poltrona-daff/3.jpg,,previsto,LATEST,
1C_JjvHyAe_6EgzGGfRvHwMtyPFNf6ota,DUNNE1 - JAL.jpg,LIVING/POLTRONAS - GD/*POLTRONAS/DUNNE1 - JAL.jpg,Sollos,sollos,CAMA DUNNE,cama-dunne,JAL,1,852c9208241951a19de724f42e53b47a,sollos/cama-dunne/1.jpg,https://galpao-design-imagens.s3.us-east-1.amazonaws.com/sollos/cama-dunne/1.jpg,,previsto,LATEST,
1yZ8hFbfTiQRYUjoaClqQNO5Sssd67-Dz,DUNNE2 - JAL.jpeg,LIVING/POLTRONAS - GD/*POLTRONAS/DUNNE2 - JAL.jpeg,Sollos,sollos,CAMA DUNNE,cama-dunne,JAL,2,42278bbfada3473afec1068f90132264,sollos/cama-dunne/2.jpg,https://galpao-design-imagens.s3.us-east-1.amazonaws.com/sollos/cama-dunne/2.jpg,,previsto,LATEST,
1QO4LOat5Jwl99PtezHVmSzNtjyOMbdcj,DUNNE3 - JAL.jpeg,LIVING/POLTRONAS - GD/*POLTRONAS/DUNNE3 - JAL.jpeg,Sollos,sollos,CAMA DUNNE,cama-dunne,JAL,3,ba41756751c34f84c4b844818f7d9fe4,sollos/cama-dunne/3.jpg,https://galpao-design-imagens.s3.us-east-1.amazonaws.com/sollos/cama-dunne/3.jpg,,previsto,LATEST,
1nUftevzOiuQ9sOVyXo0kzx6BcGCxqsPH,DUNNE4 - JAL.jpeg,LIVING/POLTRONAS - GD/*POLTRONAS/DUNNE4 - JAL.jpeg,Sollos,sollos,CAMA DUNNE,cama-dunne,JAL,4,4f223a2c5e9fd075cdbbb8fae1b3a50c,sollos/cama-dunne/4.jpg,https://galpao-design-imagens.s3.us-east-1.amazonaws.com/sollos/cama-dunne/4.jpg,,previsto,LATEST,
1aBcRso4tUkO_23rFF4wBy_uZjYV-KakG,DUNNE5 - JAL.jpeg,LIVING/POLTRONAS - GD/*POLTRONAS/DUNNE5 - JAL.jpeg,Sollos,sollos,CAMA DUNNE,cama-dunne,JAL,5,998f77b061ec400eb241d716bd2c5d3d,sollos/cama-dunne/5.jpg,https://galpao-design-imagens.s3.us-east-1.amazonaws.com/sollos/cama-dunne/5.jpg,,previsto,LATEST,
1Ybp9fGDcEuxUPSeDXDB3Ia7m6Bd5Hkpu,DUNNE6 - JAL.jpg,LIVING/POLTRONAS - GD/*POLTRONAS/DUNNE6 - JAL.jpg,Sollos,sollos,CAMA DUNNE,cama-dunne,JAL,6,bfde4900be4070fee14bcad4fe3750d9,sollos/cama-dunne/6.jpg,https://galpao-design-imagens.s3.us-east-1.amazonaws.com/sollos/cama-dunne/6.jpg,,previsto,LATEST,
11KC2gZs3oQAQBkH5nDWVUCbjiTPVdS66,DUNNE7 - JAL.jpg,LIVING/POLTRONAS - GD/*POLTRONAS/DUNNE7 - JAL.jpg,Sollos,sollos,CAMA DUNNE,cama-dunne,JAL,7,f04de070890ea48a95699993c8355548,sollos/cama-dunne/7.jpg,https://galpao-design-imagens.s3.us-east-1.amazonaws.com/sollos/cama-dunne/7.jpg,,previsto,LATEST,
1VUliyvZg_xvJssfZMDWnvmQoj7GT8nK8,DUNNE8 - JAL.jpg,LIVING/POLTRONAS - GD/*POLTRONAS/DUNNE8 - JAL.jpg,Sollos,sollos,CAMA DUNNE,cama-dunne,JAL,8,a60633f0d4afaa26251f1b1d86c7463f,sollos/cama-dunne/8.jpg,https://galpao-design-imagens.s3.us-east-1.amazonaws.com/sollos/cama-dunne/8.jpg,,previsto,LATEST,
1taCSL42FHhftKjcor08PG2BRAl-4ePpc,CACAU1 - RBA.jpg,LIVING/POLTRONAS - GD/*POLTRONAS/CACAU1 - RBA.jpg,Roberta Banqueri,roberta-banqueri,CACAU,cacau,RBA,1,a334dc878ef026e9a3f23b208cc51126,roberta-banqueri/cacau/1.jpg,https://galpao-design-imagens.s3.us-east-1.amazonaws.com/roberta-banqueri/cacau/1.jpg,,previsto,LATEST,
1o-B3S0AFsRAS9ic64YT_5YUug4DL2pDU,CACAU2 - RBA.jpeg,LIVING/POLTRONAS - GD/*POLTRONAS/CACAU2 - RBA.jpeg,Roberta Banqueri,roberta-banqueri,CACAU,cacau,RBA,2,e9e13d35cac804a9b277b9d3fd63a4b8,roberta-banqueri/cacau/2.jpg,https://galpao-design-imagens.s3.us-east-1.amazonaws.com/roberta-banqueri/cacau/2.jpg,,previsto,LATEST,
1Ghlwz_kcVXCXz8RhxBGmvNa5fxKOuS2C,CACAU3 - RBA.jpeg,LIVING/POLTRONAS - GD/*POLTRONAS/CACAU3 - RBA.jpeg,Roberta Banqueri,roberta-banqueri,CACAU,cacau,RBA,3,2dad7e7b15f3f6cf7026c0dced4e6026,roberta-banqueri/cacau/3.jpg,https://galpao-design-imagens.s3.us-east-1.amazonaws.com/roberta-banqueri/cacau/3.jpg,,previsto,LATEST,
1hHZxAXbbzrRBeAzqyzGjUt1OrzmyRI1z,CACAU4 - RBA.jpeg,LIVING/POLTRONAS - GD/*POLTRONAS/CACAU4 - RBA.jpeg,Roberta Banqueri,roberta-banqueri,CACAU,cacau,RBA,4,4fce66afb5d2dc098695707c34caeaf9,roberta-banqueri/cacau/4.jpg,https://galpao-design-imagens.s3.us-east-1.amazonaws.com/roberta-banqueri/cacau/4.jpg,,previsto,LATEST,
183Jy1wWh5MhyJC3PG8Brcw8OFVWlAom7,CACAU5 - RBA.jpeg,LIVING/POLTRONAS - GD/*POLTRONAS/CACAU5 - RBA.jpeg,Roberta Banqueri,roberta-banqueri,CACAU,cacau,RBA,5,c142dfacbea8863ead94f32bd03ef303,roberta-banqueri/cacau/5.jpg,https://galpao-design-imagens.s3.us-east-1.amazonaws.com/roberta-banqueri/cacau/5.jpg,,previsto,LATEST,
1Tk01n8iZiZ30qwpEvRoH6_YT_Ze7e3pT,CACAU6 - RBA.jpg,LIVING/POLTRONAS - GD/*POLTRONAS/CACAU6 - RBA.jpg,Roberta Banqueri,roberta-banqueri,CACAU,cacau,RBA,6,3b6b794c3306c40bbc8d58c4e7b4f167,roberta-banqueri/cacau/6.jpg,https://galpao-design-imagens.s3.us-east-1.amazonaws.com/roberta-banqueri/cacau/6.jpg,,previsto,LATEST,
1Z7FZ4VqMYlqcqo266l0cK7kSg_OxS-L9,CACAU7 - RBA.jpg,LIVING/POLTRONAS - GD/*POLTRONAS/CACAU7 - RBA.jpg,Roberta Banqueri,roberta-banqueri,CACAU,cacau,RBA,7,8cf7d1d26070cf1fd9aeab18b0623ad8,roberta-banqueri/cacau/7.jpg,https://galpao-design-imagens.s3.us-east-1.amazonaws.com/roberta-banqueri/cacau/7.jpg,,previsto,LATEST,
1S3LFnIJ6870ErIxlpJGAtJi5SJ2Yy0OZ,CACAU8 - RBA.jpg,LIVING/POLTRONAS - GD/*POLTRONAS/CACAU8 - RBA.jpg,Roberta Banqueri,roberta-banqueri,CACAU,cacau,RBA,8,e3b47041234a2c2d70191252e36850cd,roberta-banqueri/cacau/8.jpg,https://galpao-design-imagens.s3.us-east-1.amazonaws.com/roberta-banqueri/cacau/8.jpg,,previsto,LATEST,
1IKmK-F8Eec545ab3Uygf4zMub7inzLoA,WING1 - JAL.jpg,LIVING/POLTRONAS - GD/*POLTRONAS/WING1 - JAL.jpg,Sollos,sollos,POLTRONA WING - GIRATÓRIA,poltrona-wing-giratoria,JAL,1,8fa0705bc8105cf687c86e5f2e0bd93c,sollos/poltrona-wing-giratoria/1.jpg,https://galpao-design-imagens.s3.us-east-1.amazonaws.com/sollos/poltrona-wing-giratoria/1.jpg,,previsto,LATEST,
1mL5UZr_VQqCJgwt9MfvIeVq1HGU6MGkG,WING2 - JAL.jpeg,LIVING/POLTRONAS - GD/*POLTRONAS/WING2 - JAL.jpeg,Sollos,sollos,POLTRONA WING - GIRATÓRIA,poltrona-wing-giratoria,JAL,2,62d0dbf3ca41ab068e3a00b767aef2c8,sollos/poltrona-wing-giratoria/2.jpg,https://galpao-design-imagens.s3.us-east-1.amazonaws.com/sollos/poltrona-wing-giratoria/2.jpg,,previsto,LATEST,
1XqcNJWxXczV3L6ggJVYBIZ5FyQ81XuXI,WING3 - JAL.jpg,LIVING/POLTRONAS - GD/*POLTRONAS/WING3 - JAL.jpg,Sollos,sollos,POLTRONA WING - GIRATÓRIA,poltrona-wing-giratoria,JAL,3,e51938c891fcd19b95b8f553bd364e2e,sollos/poltrona-wing-giratoria/3.jpg,https://galpao-design-imagens.s3.us-east-1.amazonaws.com/sollos/poltrona-wing-giratoria/3.jpg,,previsto,LATEST,
1Qc2YcoukQHInkfwWnEZL7C9BOIeTMffh,WING4 - JAL.jpeg,LIVING/POLTRONAS - GD/*POLTRONAS/WING4 - JAL.jpeg,Sollos,sollos,POLTRONA WING - GIRATÓRIA,poltrona-wing-giratoria,JAL,4,71ff5129dde16870cf468da2c968cc7a,sollos/poltrona-wing-giratoria/4.jpg,https://galpao-design-imagens.s3.us-east-1.amazonaws.com/sollos/poltrona-wing-giratoria/4.jpg,,previsto,LATEST,
1M0AMPLKX85BYHZykxrDlELruVoiyUT4n,WING5 - JAL.jpeg,LIVING/POLTRONAS - GD/*POLTRONAS/WING5 - JAL.jpeg,Sollos,sollos,POLTRONA WING - GIRATÓRIA,poltrona-wing-giratoria,JAL,5,59709ee069b18290242267e864673462,sollos/poltrona-wing-giratoria/5.jpg,https://galpao-design-imagens.s3.us-east-1.amazonaws.com/sollos/poltrona-wing-giratoria/5.jpg,,previsto,LATEST,
1eznXMmGvGGHhMiNl9TgVJXqOn1nTS_F2,WING6 - JAL.jpeg,LIVING/POLTRONAS - GD/*POLTRONAS/WING6 - JAL.jpeg,Sollos,sollos,POLTRONA WING - GIRATÓRIA,poltrona-wing-giratoria,JAL,6,233f7f1258b1adbb1dca7371e7cbc66f,sollos/poltrona-wing-giratoria/6.jpg,https://galpao-design-imagens.s3.us-east-1.amazonaws.com/sollos/poltrona-wing-giratoria/6.jpg,,previsto,LATEST,
1p0PHFoUxHs1OLESX1LdOzuSCv3x_l5nI,WING7 - JAL.jpg,LIVING/POLTRONAS - GD/*POLTRONAS/WING7 - JAL.jpg,Sollos,sollos,POLTRONA WING - GIRATÓRIA,poltrona-wing-giratoria,JAL,7,6a0dae8173f2278e4fd09528254c2caa,sollos/poltrona-wing-giratoria/7.jpg,https://galpao-design-imagens.s3.us-east-1.amazonaws.com/sollos/poltrona-wing-giratoria/7.jpg,,previsto,LATEST,
16FXJW7ALpniDhNAKTQP_OnE-fYI-Ry-s,JUNE1 - JAL.jpg,LIVING/SOFÁS - GD/*SOFÁS/JUNE1 - JAL.jpg,Sollos,sollos,• Sofá June,sofa-june,JAL,1,99c5e2b6e6a37a89dff4113d762a45ff,sollos/sofa-june/1.jpg,https://galpao-design-imagens.s3.us-east-1.amazonaws.com/sollos/sofa-june/1.jpg,,previsto,LATEST,
1VHKo4fz5qUa83M9x-zdwhJ6q6KNZxPNR,JUNE1 - JAL.png,LIVING/POLTRONAS - GD/*POLTRONAS/JUNE1 - JAL.png,Sollos,sollos,• Sofá June,sofa-june,JAL,2,55d87d32effab7c7c8fe4fa670ec0dc2,sollos/sofa-june/2.png,https://galpao-design-imagens.s3.us-east-1.amazonaws.com/sollos/sofa-june/2.png,,previsto,LATEST,
1tAiwEPQckTXm4IcVe1JIdaHk02TgEwQn,JUNE2 - JAL.jpeg,LIVING/CADEIRAS - GD/*CADEIRAS/JUNE2 - JAL.jpeg,Sollos,sollos,• Sofá June,sofa-june,JAL,3,fed0aebdab929bef23a222fe907bad74,sollos/sofa-june/3.jpg,https://galpao-design-imagens.s3.us-east-1.amazonaws.com/sollos/sofa-june/3.jpg,,previsto,LATEST,
1xKAk0B8Q_b9b3O76LndU4S59Qa4HTq3U,JUNE2 - JAL.jpg,LIVING/POLTRONAS - GD/*POLTRONAS/JUNE2 - JAL.jpg,Sollos,sollos,• Sofá June,sofa-june,JAL,4,c3b6e374a5028c67bb408e4371866186,sollos/sofa-june/4.jpg,https://galpao-design-imagens.s3.us-east-1.amazonaws.com/sollos/sofa-june/4.jpg,,previsto,LATEST,
1RRRfedA1LFYdNyEN1JKPocZ2l5OtIJbM,JUNE3 - JAL.jpeg,LIVING/POLTRONAS - GD/*POLTRONAS/JUNE3 - JAL.jpeg,Sollos,sollos,• Sofá June,sofa-june,JAL,5,8db2d8bebe6f31fb87f42d103e4c3700,sollos/sofa-june/5.jpg,https://galpao-design-imagens.s3.us-east-1.amazonaws.com/sollos/sofa-june/5.jpg,,previsto,LATEST,
1QMjuy8l5kVk12jvhj_eqMkG5wZuSxGnq,JUNE3 - JAL.jpg,LIVING/SOFÁS - GD/*SOFÁS/JUNE3 - JAL.jpg,Sollos,sollos,• Sofá June,sofa-june,JAL,6,94e5fa50efc5d342e8468677252871e6,sollos/sofa-june/6.jpg,https://galpao-design-imagens.s3.us-east-1.amazonaws.com/sollos/sofa-june/6.jpg,,previsto,LATEST,
1bfqT-5U8pQrBQFCx5wWF_U6CykZjIb0F,JUNE4 - JAL.jpeg,LIVING/POLTRONAS - GD/*POLTRONAS/JUNE4 - JAL.jpeg,Sollos,sollos,• Sofá June,sofa-june,JAL,7,609848bec521d3d5f150877d690dc33d,sollos/sofa-june/7.jpg,https://galpao-design-imagens.s3.us-east-1.amazonaws.com/sollos/sofa-june/7.jpg,,previsto,LATEST,
1Dga-5wfxobIOLGl8E8IXDYyQMZSR6DEm,JUNE4 - JAL.jpg,LIVING/SOFÁS - GD/*SOFÁS/JUNE4 - JAL.jpg,Sollos,sollos,• Sofá June,sofa-june,JAL,8,fca05efa0c1603ee4c6f5662ac4f9faf,sollos/sofa-june/8.jpg,https://galpao-design-imagens.s3.us-east-1.amazonaws.com/sollos/sofa-june/8.jpg,,previsto,LATEST,
12xdQ1jdBahpr-UHUCHv8S1W2z4RaxvqP,JUNE5 - JAL.jpeg,LIVING/POLTRONAS - GD/*POLTRONAS/JUNE5 - JAL.jpeg,Sollos,sollos,• Sofá June,sofa-june,JAL,9,233f7f1258b1adbb1dca7371e7cbc66f,sollos/sofa-june/9.jpg,https://galpao-design-imagens.s3.us-east-1.amazonaws.com/sollos/sofa-june/9.jpg,,previsto,LATEST,
1P0HvhJyZ_Qd1u8AkqFU06NnBcmQiwwMp,TARJA1 - JAL.jpg,LIVING/POLTRONAS - GD/*POLTRONAS/TARJA1 - JAL.jpg,Sollos,sollos,• Poltrona Tarja,poltrona-tarja,JAL,1,9cf0d67f60814f606707f253531e08a9,sollos/poltrona-tarja/1.jpg,https://galpao-design-imagens.s3.us-east-1.amazonaws.com/sollos/poltrona-tarja/1.jpg,,previsto,LATEST,
1bOg1ahxjTT21NTgIW-edP5jw4s1stQFE,JOB1 - JAL.jpg,LIVING/POLTRONAS - GD/*POLTRONAS/JOB1 - JAL.jpg,Sollos,sollos,PUFF JOB,puff-job,JAL,1,f9e8db50e769d09ecceb34ddbb045ae2,sollos/puff-job/1.jpg,https://galpao-design-imagens.s3.us-east-1.amazonaws.com/sollos/puff-job/1.jpg,,previsto,LATEST,
1sUdw_ih5gq9oKNaCBxR7UnNLwS1xvSmB,ELIZ1 - JAL.jpg,LIVING/POLTRONAS - GD/*POLTRONAS/ELIZ1 - JAL.jpg,Sollos,sollos,PUFF ELIZ,puff-eliz,JAL,1,ed99287282b2afd9c768213b6f5cf886,sollos/puff-eliz/1.jpg,https://galpao-design-imagens.s3.us-east-1.amazonaws.com/sollos/puff-eliz/1.jpg,,previsto,LATEST,
1l63TRq-qIQO2PkQBfKVIwvHo6Wm-6B_j,ELIZ2 - JAL.jpg,LIVING/POLTRONAS - GD/*POLTRONAS/ELIZ2 - JAL.jpg,Sollos,sollos,PUFF ELIZ,puff-eliz,JAL,2,b6418ef2973191469a277f38401be639,sollos/puff-eliz/2.jpg,https://galpao-design-imagens.s3.us-east-1.amazonaws.com/sollos/puff-eliz/2.jpg,,previsto,LATEST,
1fO_eR7z6InT66wYamTfiJRpZmf1X7fzT,LINNA1 - JAL.jpg,LIVING/POLTRONAS - GD/*POLTRONAS/LINNA1 - JAL.jpg,Sollos,sollos,POLTRONA LINNA,poltrona-linna,JAL,1,130902580e3c709061ec7a2c8ac9511b,sollos/poltrona-linna/1.jpg,https://galpao-design-imagens.s3.us-east-1.amazonaws.com/sollos/poltrona-linna/1.jpg,,previsto,LATEST,
1VHtsbSXvXcfxYWeA6N8NvqCo37nluisp,LINNA2 - JAL.jpg,LIVING/POLTRONAS - GD/*POLTRONAS/LINNA2 - JAL.jpg,Sollos,sollos,POLTRONA LINNA,poltrona-linna,JAL,2,2ece953e213b43ee22c2afb90ba6e276,sollos/poltrona-linna/2.jpg,https://galpao-design-imagens.s3.us-east-1.amazonaws.com/sollos/poltrona-linna/2.jpg,,previsto,LATEST,
1J9F0eiSNt0uMQL_zdm4YXFMIjH1FnrRL,CLARA1 - JAL.jpg,LIVING/POLTRONAS - GD/*POLTRONAS/CLARA1 - JAL.jpg,Sollos,sollos,PUFF CLARA,puff-clara,JAL,1,c898ab94a9fc439a13642a274a0b0c87,sollos/puff-clara/1.jpg,https://galpao-design-imagens.s3.us-east-1.amazonaws.com/sollos/puff-clara/1.jpg,,previsto,LATEST,
1oPalfqCLV_Mn7WzJsg6ZYDKI_DahLzVI,FIVE1 - JAL.jpg,LIVING/POLTRONAS - GD/*POLTRONAS/FIVE1 - JAL.jpg,Sollos,sollos,POLTRONA FIVE - L/E,poltrona-five-l-e,JAL,1,3e33dcc6da4f07bd6e622bb3d4b73ce5,sollos/poltrona-five-l-e/1.jpg,https://galpao-design-imagens.s3.us-east-1.amazonaws.com/sollos/poltrona-five-l-e/1.jpg,,previsto,LATEST,
1ki1eF4r5JpXCdxsJCE_cxvxzlAJG3g8A,FIVE2 - JAL.jpg,LIVING/POLTRONAS - GD/*POLTRONAS/FIVE2 - JAL.jpg,Sollos,sollos,POLTRONA FIVE - L/E,poltrona-five-l-e,JAL,2,d6e0a903b016d20ea4ea9f43983dff45,sollos/poltrona-five-l-e/2.jpg,https://galpao-design-imagens.s3.us-east-1.amazonaws.com/sollos/poltrona-five-l-e/2.jpg,,previsto,LATEST,
1udG09_Fvt0bbv_scnlzA46arlbkY6AWP,CAJU1 - RBA.jpeg,LIVING/POLTRONAS - GD/*POLTRONAS/CAJU1 - RBA.jpeg,Roberta Banqueri,roberta-banqueri,CAJU,caju,RBA,1,bb82532bced9df786e213b16698cfcae,roberta-banqueri/caju/1.jpg,https://galpao-design-imagens.s3.us-east-1.amazonaws.com/roberta-banqueri/caju/1.jpg,,previsto,LATEST,
1pp9zw77zIfLrzSmXhRKe_dQwusIjJ7kL,CAJU2 - RBA.jpeg,LIVING/POLTRONAS - GD/*POLTRONAS/CAJU2 - RBA.jpeg,Roberta Banqueri,roberta-banqueri,CAJU,caju,RBA,2,74a2d82aac260ab1b68bad1525828cb8,roberta-banqueri/caju/2.jpg,https://galpao-design-imagens.s3.us-east-1.amazonaws.com/roberta-banqueri/caju/2.jpg,,previsto,LATEST,
1kfOvd2HyKOygfSEW_R2L35ip1JnUMaia,HEBE1 - PIU.jpg,LIVING/CADEIRAS - GD/*CADEIRAS/HEBE1 - PIU.jpg,PiuMobile,piumobile,"HEBE POL 0,68X0,68",hebe-pol-0-68x0-68,PIU,1,a9bfee33754471bbd1181c75cf24299d,piumobile/hebe-pol-0-68x0-68/1.jpg,https://galpao-design-imagens.s3.us-east-1.amazonaws.com/piumobile/hebe-pol-0-68x0-68/1.jpg,,previsto,LATEST,
1jZA_f5EmsYK_PycWh1zLaxKOCT0kskCj,HEBE2 - PIU.jpeg,LIVING/CADEIRAS - GD/*CADEIRAS/HEBE2 - PIU.jpeg,PiuMobile,piumobile,"HEBE POL 0,68X0,68",hebe-pol-0-68x0-68,PIU,2,c4343e2cb2bf7f01e1003e5578c0e1be,piumobile/hebe-pol-0-68x0-68/2.jpg,https://galpao-design-imagens.s3.us-east-1.amazonaws.com/piumobile/hebe-pol-0-68x0-68/2.jpg,,previsto,LATEST,
1WU9emXEnofZmj4SY89s54pyBm9d28Phd,HEBE3 - PIU.jpg,LIVING/CADEIRAS - GD/*CADEIRAS/HEBE3 - PIU.jpg,PiuMobile,piumobile,"HEBE POL 0,68X0,68",hebe-pol-0-68x0-68,PIU,3,467836954d5d418bed0cd72e501ae06a,piumobile/hebe-pol-0-68x0-68/3.jpg,https://galpao-design-imagens.s3.us-east-1.amazonaws.com/piumobile/hebe-pol-0-68x0-68/3.jpg,,previsto,LATEST,
10hFuBB2n-ogVp1pwY6X0S9FeRtBFG0u1,CRIO1 - RBA.jpg,LIVING/SOFÁS - GD/*SOFÁS/CRIO1 - RBA.jpg,Roberta Banqueri,roberta-banqueri,CRIO POLTRONA - base em aço carbono com pintura,crio-poltrona-base-em-aco-carbono-com-pintura,RBA,1,13af35d4a14a766d8d9e8b62dd5c0be1,roberta-banqueri/crio-poltrona-base-em-aco-carbono-com-pintura/1.jpg,https://galpao-design-imagens.s3.us-east-1.amazonaws.com/roberta-banqueri/crio-poltrona-base-em-aco-carbono-com-pintura/1.jpg,,previsto,LATEST,
1OkxfUrleHopCnxmEqg-9VyyOc9jKnrGU,CRIO2 - RBA.jpg,LIVING/SOFÁS - GD/*SOFÁS/CRIO2 - RBA.jpg,Roberta Banqueri,roberta-banqueri,CRIO POLTRONA - base em aço carbono com pintura,crio-poltrona-base-em-aco-carbono-com-pintura,RBA,2,4aa10a174f597842b958fc2f6177ba0e,roberta-banqueri/crio-poltrona-base-em-aco-carbono-com-pintura/2.jpg,https://galpao-design-imagens.s3.us-east-1.amazonaws.com/roberta-banqueri/crio-poltrona-base-em-aco-carbono-com-pintura/2.jpg,,previsto,LATEST,
1AVjr0JJu3Z2UBgO2o7_p0Dc4kEdO15er,CRIO3 - RBA.jpg,LIVING/SOFÁS - GD/*SOFÁS/CRIO3 - RBA.jpg,Roberta Banqueri,roberta-banqueri,CRIO POLTRONA - base em aço carbono com pintura,crio-poltrona-base-em-aco-carbono-com-pintura,RBA,3,993ecd0c2ad02e0dfc9ef57181015861,roberta-banqueri/crio-poltrona-base-em-aco-carbono-com-pintura/3.jpg,https://galpao-design-imagens.s3.us-east-1.amazonaws.com/roberta-banqueri/crio-poltrona-base-em-aco-carbono-com-pintura/3.jpg,,previsto,LATEST,
1x0zIjfg4c_vI6-1wHRpGc4xv8Y9Nnp3y,ABAPO1 - RBA.jpg,LIVING/SOFÁS - GD/*SOFÁS/ABAPO1 - RBA.jpg,Roberta Banqueri,roberta-banqueri,ABAPO,abapo,RBA,1,56833481b3727cea4d5ae2b2a0f33e5c,roberta-banqueri/abapo/1.jpg,https://galpao-design-imagens.s3.us-east-1.amazonaws.com/roberta-banqueri/abapo/1.jpg,,previsto,LATEST,
1Z8gdNkXnGXHp8w6fZcYRQTFuP9FoyXIq,ABAPO2 - RBA.jpg,LIVING/SOFÁS - GD/*SOFÁS/ABAPO2 - RBA.jpg,Roberta Banqueri,roberta-banqueri,ABAPO,abapo,RBA,2,6ae372ca06c61fe8632a3fe40a53a1cb,roberta-banqueri/abapo/2.jpg,https://galpao-design-imagens.s3.us-east-1.amazonaws.com/roberta-banqueri/abapo/2.jpg,,previsto,LATEST,
1Hmz0PZzMLn-GIxHTwJR-W9vnFpQ2MI5S,SAMPA1 - RBA.jpg,LIVING/SOFÁS - GD/*SOFÁS/SAMPA1 - RBA.jpg,Roberta Banqueri,roberta-banqueri,"SAMPA CTO 1,20X1,20 - sem encosto com 1 almofadão",sampa-cto-1-20x1-20-sem-encosto-com-1-almofadao,RBA,1,92ef395bed197d18b4de46d5ce5a8917,roberta-banqueri/sampa-cto-1-20x1-20-sem-encosto-com-1-almofadao/1.jpg,https://galpao-design-imagens.s3.us-east-1.amazonaws.com/roberta-banqueri/sampa-cto-1-20x1-20-sem-encosto-com-1-almofadao/1.jpg,,previsto,LATEST,
1kth-rWJKyK9QR1pNUUpNdG3RLkM-Mdwb,SAMPA2 - RBA.jpg,LIVING/SOFÁS - GD/*SOFÁS/SAMPA2 - RBA.jpg,Roberta Banqueri,roberta-banqueri,"SAMPA CTO 1,20X1,20 - sem encosto com 1 almofadão",sampa-cto-1-20x1-20-sem-encosto-com-1-almofadao,RBA,2,737988ee6094d517ba97d28f61c2a9d2,roberta-banqueri/sampa-cto-1-20x1-20-sem-encosto-com-1-almofadao/2.jpg,https://galpao-design-imagens.s3.us-east-1.amazonaws.com/roberta-banqueri/sampa-cto-1-20x1-20-sem-encosto-com-1-almofadao/2.jpg,,previsto,LATEST,
1k6yZn4a6fZDwC7SYyKIRay6hk6sqEU25,SAMPA3 - RBA.jpg,LIVING/SOFÁS - GD/*SOFÁS/SAMPA3 - RBA.jpg,Roberta Banqueri,roberta-banqueri,"SAMPA CTO 1,20X1,20 - sem encosto com 1 almofadão",sampa-cto-1-20x1-20-sem-encosto-com-1-almofadao,RBA,3,a17f8c82a385514176a7f2251e8f6b11,roberta-banqueri/sampa-cto-1-20x1-20-sem-encosto-com-1-almofadao/3.jpg,https://galpao-design-imagens.s3.us-east-1.amazonaws.com/roberta-banqueri/sampa-cto-1-20x1-20-sem-encosto-com-1-almofadao/3.jpg,,previsto,LATEST,
1EpW3fW3G-fzhLMxzRrud4_VgWHp41SF3,MET1 - JAL.jpg,LIVING/SOFÁS - GD/*SOFÁS/MET1 - JAL.jpg,Sollos,sollos,• Sofá Met,sofa-met,JAL,1,428483c9cb374c5134601cf7c6f29568,sollos/sofa-met/1.jpg,https://galpao-design-imagens.s3.us-east-1.amazonaws.com/sollos/sofa-met/1.jpg,,previsto,LATEST,
11I8YcHUjTOUwd7Ob-MeEvD5wWwup2Wq3,MET2 - JAL.jpg,LIVING/SOFÁS - GD/*SOFÁS/MET2 - JAL.jpg,Sollos,sollos,• Sofá Met,sofa-met,JAL,2,6b2fe41846eeeea52fa0bc977330e655,sollos/sofa-met/2.jpg,https://galpao-design-imagens.s3.us-east-1.amazonaws.com/sollos/sofa-met/2.jpg,,previsto,LATEST,
19S28_Nyv7Xl7y2_WyZ25wMJ4SxndYDHy,MET3 - JAL.jpg,LIVING/SOFÁS - GD/*SOFÁS/MET3 - JAL.jpg,Sollos,sollos,• Sofá Met,sofa-met,JAL,3,a61ba65e7813ac77d56e61ec2a0dceee,sollos/sofa-met/3.jpg,https://galpao-design-imagens.s3.us-east-1.amazonaws.com/sollos/sofa-met/3.jpg,,previsto,LATEST,
1tt5Yt5Ees59TvkagqeoMXDbAluUzvGWD,MET4 - JAL.jpg,LIVING/SOFÁS - GD/*SOFÁS/MET4 - JAL.jpg,Sollos,sollos,• Sofá Met,sofa-met,JAL,4,264a4b10801d0140b2d08b15b11710bf,sollos/sofa-met/4.jpg,https://galpao-design-imagens.s3.us-east-1.amazonaws.com/sollos/sofa-met/4.jpg,,previsto,LATEST,
1WLlt7nFG3B6gPlPke1SC_Km3OHGLF6CT,CHAPADA1 - RBA.jpg,LIVING/SOFÁS - GD/*SOFÁS/CHAPADA1 - RBA.jpg,Roberta Banqueri,roberta-banqueri,CHAPADA,chapada,RBA,1,cb8c3fff36da2311015772a4ae224893,roberta-banqueri/chapada/1.jpg,https://galpao-design-imagens.s3.us-east-1.amazonaws.com/roberta-banqueri/chapada/1.jpg,,previsto,LATEST,
11KJ6ibLDFUqbV5rBFvek0ZclHDoH_OwR,CHAPADA2 - RBA.jpg,LIVING/SOFÁS - GD/*SOFÁS/CHAPADA2 - RBA.jpg,Roberta Banqueri,roberta-banqueri,CHAPADA,chapada,RBA,2,a5b5dc8fefc4e3f39eb3b654e8d09564,roberta-banqueri/chapada/2.jpg,https://galpao-design-imagens.s3.us-east-1.amazonaws.com/roberta-banqueri/chapada/2.jpg,,previsto,LATEST,
14mA5JC2csOg0EsSDRnjmUw3gDJwEXoLj,CHAPADA3 - RBA.jpg,LIVING/SOFÁS - GD/*SOFÁS/CHAPADA3 - RBA.jpg,Roberta Banqueri,roberta-banqueri,CHAPADA,chapada,RBA,3,4eabd4edfd00d087e49061a08764b2ad,roberta-banqueri/chapada/3.jpg,https://galpao-design-imagens.s3.us-east-1.amazonaws.com/roberta-banqueri/chapada/3.jpg,,previsto,LATEST,
1pz_KIm9aqK_IeDDLA6KFRrv0znZF2Od7,CHAPADA4 - RBA.jpg,LIVING/SOFÁS - GD/*SOFÁS/CHAPADA4 - RBA.jpg,Roberta Banqueri,roberta-banqueri,CHAPADA,chapada,RBA,4,2974673b3d32612090003d969cd86fa1,roberta-banqueri/chapada/4.jpg,https://galpao-design-imagens.s3.us-east-1.amazonaws.com/roberta-banqueri/chapada/4.jpg,,previsto,LATEST,
1kGoMgRl5FbodDZeqKuas8U_GB5KNTDFN,CHAPADA5 - RBA.jpg,LIVING/SOFÁS - GD/*SOFÁS/CHAPADA5 - RBA.jpg,Roberta Banqueri,roberta-banqueri,CHAPADA,chapada,RBA,5,185e66b842573af84139efa5882c7ad2,roberta-banqueri/chapada/5.jpg,https://galpao-design-imagens.s3.us-east-1.amazonaws.com/roberta-banqueri/chapada/5.jpg,,previsto,LATEST,
1JSH91QBki5kt2aPI5X5aE_D2DIoLjFog,OCA1 - RBA.jpg,LIVING/SOFÁS - GD/*SOFÁS/OCA1 - RBA.jpg,Roberta Banqueri,roberta-banqueri,"OCA 1B 2,75",oca-1b-2-75,RBA,1,4bc3a05dd053aef83d8215f2cfeff969,roberta-banqueri/oca-1b-2-75/1.jpg,https://galpao-design-imagens.s3.us-east-1.amazonaws.com/roberta-banqueri/oca-1b-2-75/1.jpg,,previsto,LATEST,
16pi0BcCPwupTAgUK1xITGixeW6POocTG,OCA2 - RBA.jpeg,LIVING/SOFÁS - GD/*SOFÁS/OCA2 - RBA.jpeg,Roberta Banqueri,roberta-banqueri,"OCA 1B 2,75",oca-1b-2-75,RBA,2,9028c6e5f8ee7fb37ab88eef749ee64f,roberta-banqueri/oca-1b-2-75/2.jpg,https://galpao-design-imagens.s3.us-east-1.amazonaws.com/roberta-banqueri/oca-1b-2-75/2.jpg,,previsto,LATEST,
1uJCUkezqQE__RFMXqlxZRUNT4eo44LHf,OCA3 - RBA.jpeg,LIVING/SOFÁS - GD/*SOFÁS/OCA3 - RBA.jpeg,Roberta Banqueri,roberta-banqueri,"OCA 1B 2,75",oca-1b-2-75,RBA,3,257e34754c7f422aa34f7d2a4b7a7835,roberta-banqueri/oca-1b-2-75/3.jpg,https://galpao-design-imagens.s3.us-east-1.amazonaws.com/roberta-banqueri/oca-1b-2-75/3.jpg,,previsto,LATEST,
1zYftoCLxUoG593J0WcK0McDuNfQIpoWg,OCA4 - RBA.jpeg,LIVING/SOFÁS - GD/*SOFÁS/OCA4 - RBA.jpeg,Roberta Banqueri,roberta-banqueri,"OCA 1B 2,75",oca-1b-2-75,RBA,4,f57f3fe4c51ad32e97818e2894f27f3d,roberta-banqueri/oca-1b-2-75/4.jpg,https://galpao-design-imagens.s3.us-east-1.amazonaws.com/roberta-banqueri/oca-1b-2-75/4.jpg,,previsto,LATEST,
1ZdIXB5aGmlLOrHlDfaj0vCCJYWQm2AH3,OCA5 - RBA.jpg,LIVING/SOFÁS - GD/*SOFÁS/OCA5 - RBA.jpg,Roberta Banqueri,roberta-banqueri,"OCA 1B 2,75",oca-1b-2-75,RBA,5,e75526d0addc5e5a976ed5c36382c5ea,roberta-banqueri/oca-1b-2-75/5.jpg,https://galpao-design-imagens.s3.us-east-1.amazonaws.com/roberta-banqueri/oca-1b-2-75/5.jpg,,previsto,LATEST,
1MLF5A85cEAyGr-VglWPP92s5ZkJHo7wp,DORA1 - JAL.jpg,LIVING/SOFÁS - GD/*SOFÁS/DORA1 - JAL.jpg,Sollos,sollos,• Sofá Dora,sofa-dora,JAL,1,5c2f352c4793b4669d781cbdc5a154ed,sollos/sofa-dora/1.jpg,https://galpao-design-imagens.s3.us-east-1.amazonaws.com/sollos/sofa-dora/1.jpg,,previsto,LATEST,
1NX1NejIvCn3DSoF4n67eUQycbBDscgQ5,DORA2 - JAL.jpg,LIVING/SOFÁS - GD/*SOFÁS/DORA2 - JAL.jpg,Sollos,sollos,• Sofá Dora,sofa-dora,JAL,2,0b8c6b43e8a5ef09eca3b5f7bfa860d7,sollos/sofa-dora/2.jpg,https://galpao-design-imagens.s3.us-east-1.amazonaws.com/sollos/sofa-dora/2.jpg,,previsto,LATEST,
